"SamAccountName","Acces"
"adrienb","AD-ADMIN"
"adrienb","CRM-LEC"
"adrienb","CRM-PILOT"
"adrienb","DEVIS-VALID"
"adrienb","FCT-CONGES"
"adrienb","FCT-FORM"
"adrienb","FCT-NDF"
"adrienb","FCT-ORG"
"adrienb","MARGE-CONSULT"
"adrienb","PM-BUDGET"
"adrienb","SITE-BADGE-LYO"
"adrienb","SITE-IMP-LYO"
"adrienb","SITE-WIFI-LYO"
"adrienb","SOC-DOC"
"adrienb","SOC-INTRA"
"adrienb","SOC-MSG"
"adrienb","SOC-VPN"
"adrienl","CRM-EXPORT"
"adrienl","CRM-LEC"
"adrienl","CRM-SAISIE"
"adrienl","DEVIS-CREA"
"adrienl","FCT-CONGES"
"adrienl","FCT-FORM"
"adrienl","FCT-NDF"
"adrienl","POSTE-CONSOLE"
"adrienl","PROSPECT-BASE"
"adrienl","SITE-BADGE-MTZ"
"adrienl","SITE-IMP-MTZ"
"adrienl","SITE-WIFI-MTZ"
"adrienl","SOC-DOC"
"adrienl","SOC-INTRA"
"adrienl","SOC-MSG"
"adrienl","SOC-VPN"
"adrienl","TARIF-CONSULT"
"adrienl","TARIF-REMISE"
"adrienm","DOC-METHODO"
"adrienm","FCT-CONGES"
"adrienm","FCT-FORM"
"adrienm","FCT-NDF"
"adrienm","FCT-TEMPS"
"adrienm","LIVRABLE-CLI"
"adrienm","MISSION-PORT"
"adrienm","SITE-BADGE-PAR"
"adrienm","SITE-IMP-PAR"
"adrienm","SITE-WIFI-PAR"
"adrienm","SOC-DOC"
"adrienm","SOC-INTRA"
"adrienm","SOC-MSG"
"adrienm","SOC-VPN"
"adrienv","BI-CODIR"
"adrienv","CRM-SEGMENT"
"adrienv","DIR-TABLEAU"
"adrienv","FCT-CONGES"
"adrienv","FCT-ENTRETIEN"
"adrienv","FCT-FORM"
"adrienv","FCT-NDF"
"adrienv","FCT-NDF-VALID"
"adrienv","FCT-ORG"
"adrienv","JURIDIQUE-CTR"
"adrienv","MARGE-CONSULT"
"adrienv","PROSPECT-BASE"
"adrienv","SITE-BADGE-PAR"
"adrienv","SITE-IMP-PAR"
"adrienv","SITE-WIFI-PAR"
"adrienv","SOC-DOC"
"adrienv","SOC-INTRA"
"adrienv","SOC-MSG"
"adrienv","SOC-VPN"
"alexandreb","BADGE-ATELIER"
"alexandreb","EPI-DOTATION"
"alexandreb","FCT-CONGES"
"alexandreb","FCT-FORM"
"alexandreb","FCT-ORG"
"alexandreb","GMAO"
"alexandreb","PLM-PLANS"
"alexandreb","SITE-BADGE-MTZ"
"alexandreb","SITE-IMP-MTZ"
"alexandreb","SITE-WIFI-MTZ"
"alexandreb","SOC-DOC"
"alexandreb","SOC-INTRA"
"alexandreb","SOC-MSG"
"alexandreb","SOC-VPN"
"alexandres","DOC-PROJET"
"alexandres","FCT-CONGES"
"alexandres","FCT-ENTRETIEN"
"alexandres","FCT-FORM"
"alexandres","FCT-NDF"
"alexandres","FCT-NDF-VALID"
"alexandres","FCT-ORG"
"alexandres","FCT-TEMPS"
"alexandres","PM-BUDGET"
"alexandres","PM-OUTIL"
"alexandres","RISQUE-REG"
"alexandres","SITE-BADGE-LYO"
"alexandres","SITE-IMP-LYO"
"alexandres","SITE-WIFI-LYO"
"alexandres","SOC-DOC"
"alexandres","SOC-INTRA"
"alexandres","SOC-MSG"
"alexandres","SOC-VPN"
"amandined","DOC-PROJET"
"amandined","FCT-CONGES"
"amandined","FCT-ENTRETIEN"
"amandined","FCT-FORM"
"amandined","FCT-NDF"
"amandined","FCT-NDF-VALID"
"amandined","FCT-ORG"
"amandined","FCT-TEMPS"
"amandined","OBS-GED2003"
"amandined","PM-BUDGET"
"amandined","PM-OUTIL"
"amandined","RISQUE-REG"
"amandined","SITE-BADGE-PAR"
"amandined","SITE-IMP-PAR"
"amandined","SITE-WIFI-PAR"
"amandined","SOC-DOC"
"amandined","SOC-INTRA"
"amandined","SOC-MSG"
"amandined","SOC-VPN"
"amandineh","ERP-LEC"
"amandineh","FCT-CONGES"
"amandineh","FCT-ENTRETIEN"
"amandineh","FCT-FORM"
"amandineh","FCT-NDF"
"amandineh","FCT-NDF-VALID"
"amandineh","FCT-ORG"
"amandineh","FOURN-PORTAIL"
"amandineh","SITE-BADGE-PAR"
"amandineh","SITE-IMP-PAR"
"amandineh","SITE-WIFI-PAR"
"amandineh","SOC-DOC"
"amandineh","SOC-INTRA"
"amandineh","SOC-MSG"
"amandineh","SOC-VPN"
"amandineh","STOCK"
"amandinem","COMPTA-SAISIE"
"amandinem","COMPTA-VALID"
"amandinem","ERP-LEC"
"amandinem","FACTURE-FOURN"
"amandinem","FCT-CONGES"
"amandinem","FCT-ENTRETIEN"
"amandinem","FCT-NDF"
"amandinem","FCT-NDF-VALID"
"amandinem","FCT-ORG"
"amandinem","SITE-BADGE-PAR"
"amandinem","SITE-IMP-PAR"
"amandinem","SITE-WIFI-PAR"
"amandinem","SOC-DOC"
"amandinem","SOC-INTRA"
"amandinem","SOC-MSG"
"amandinem","SOC-VPN"
"amandinep","CRM-ADMIN"
"amandinep","CRM-LEC"
"amandinep","CRM-SEGMENT"
"amandinep","FCT-CONGES"
"amandinep","FCT-FORM"
"amandinep","FCT-NDF"
"amandinep","FCT-ORG"
"amandinep","SITE-BADGE-PAR"
"amandinep","SITE-IMP-PAR"
"amandinep","SITE-WIFI-PAR"
"amandinep","SOC-DOC"
"amandinep","SOC-INTRA"
"amandinep","SOC-MSG"
"amandinep","SOC-VPN"
"amandinev","AD-ADMIN"
"amandinev","COFFRE-SECRETS"
"amandinev","FCT-CONGES"
"amandinev","FCT-ENTRETIEN"
"amandinev","FCT-NDF"
"amandinev","FCT-NDF-VALID"
"amandinev","FCT-ORG"
"amandinev","POSTE-CONSOLE"
"amandinev","SAUVEGARDE"
"amandinev","SITE-BADGE-PAR"
"amandinev","SITE-IMP-PAR"
"amandinev","SITE-WIFI-PAR"
"amandinev","SOC-DOC"
"amandinev","SOC-INTRA"
"amandinev","SOC-MSG"
"amandinev","SUPERVISION-IT"
"anaisb","BADGE-ATELIER"
"anaisb","EPI-DOTATION"
"anaisb","FCT-CONGES"
"anaisb","FCT-ORG"
"anaisb","GMAO"
"anaisb","PLM-PLANS"
"anaisb","PLM-VALID"
"anaisb","SITE-BADGE-MTZ"
"anaisb","SITE-IMP-MTZ"
"anaisb","SITE-WIFI-MTZ"
"anaisb","SOC-DOC"
"anaisb","SOC-INTRA"
"anaisb","SOC-MSG"
"anaisb","SOC-VPN"
"anaisb","SUPERVISION"
"anaisg","BADGE-ATELIER"
"anaisg","EPI-DOTATION"
"anaisg","FCT-CONGES"
"anaisg","FCT-FORM"
"anaisg","FCT-ORG"
"anaisg","GMAO"
"anaisg","PLM-PLANS"
"anaisg","SITE-BADGE-MTZ"
"anaisg","SITE-IMP-MTZ"
"anaisg","SITE-WIFI-MTZ"
"anaisg","SOC-DOC"
"anaisg","SOC-INTRA"
"anaisg","SOC-MSG"
"anaisg","SOC-VPN"
"anaish","COFFRE-SECRETS"
"anaish","DOC-PROJET"
"anaish","FCT-NDF"
"anaish","FCT-TEMPS"
"anaish","PM-OUTIL"
"anaish","SITE-BADGE-PAR"
"anaish","SITE-IMP-PAR"
"anaish","SITE-WIFI-PAR"
"anaish","SOC-DOC"
"anaish","SOC-INTRA"
"anaish","SOC-MSG"
"anaish","SOC-VPN"
"anaisp","CRM-LEC"
"anaisp","CRM-SAISIE"
"anaisp","CRM-SEGMENT"
"anaisp","DEVIS-CREA"
"anaisp","FCT-CONGES"
"anaisp","FCT-ENTRETIEN"
"anaisp","FCT-FORM"
"anaisp","FCT-NDF"
"anaisp","FCT-NDF-VALID"
"anaisp","FCT-ORG"
"anaisp","PROSPECT-BASE"
"anaisp","SITE-BADGE-PAR"
"anaisp","SITE-IMP-PAR"
"anaisp","SITE-WIFI-PAR"
"anaisp","SOC-DOC"
"anaisp","SOC-INTRA"
"anaisp","SOC-MSG"
"anaisp","SOC-VPN"
"anaisp","TARIF-CONSULT"
"anaisw","DOC-PROJET"
"anaisw","FCT-CONGES"
"anaisw","FCT-ENTRETIEN"
"anaisw","FCT-FORM"
"anaisw","FCT-NDF"
"anaisw","FCT-NDF-VALID"
"anaisw","FCT-ORG"
"anaisw","FCT-TEMPS"
"anaisw","PM-BUDGET"
"anaisw","PM-OUTIL"
"anaisw","RISQUE-REG"
"anaisw","SITE-BADGE-PAR"
"anaisw","SITE-IMP-PAR"
"anaisw","SITE-WIFI-PAR"
"anaisw","SOC-DOC"
"anaisw","SOC-INTRA"
"anaisw","SOC-MSG"
"anaisw","SOC-VPN"
"antoineb","DOC-PROJET"
"antoineb","FCT-CONGES"
"antoineb","FCT-ENTRETIEN"
"antoineb","FCT-FORM"
"antoineb","FCT-NDF"
"antoineb","FCT-NDF-VALID"
"antoineb","FCT-ORG"
"antoineb","FCT-TEMPS"
"antoineb","PM-BUDGET"
"antoineb","PM-OUTIL"
"antoineb","RISQUE-REG"
"antoineb","SITE-BADGE-LYO"
"antoineb","SITE-IMP-LYO"
"antoineb","SITE-WIFI-LYO"
"antoineb","SOC-DOC"
"antoineb","SOC-INTRA"
"antoineb","SOC-MSG"
"antoineb","SOC-VPN"
"antoineg","ACHAT-DEM"
"antoineg","ACHAT-VALID"
"antoineg","ERP-LEC"
"antoineg","FCT-CONGES"
"antoineg","FCT-ENTRETIEN"
"antoineg","FCT-FORM"
"antoineg","FCT-NDF"
"antoineg","FCT-NDF-VALID"
"antoineg","FCT-ORG"
"antoineg","FOURN-PORTAIL"
"antoineg","LOGISTIQUE"
"antoineg","SITE-BADGE-LYO"
"antoineg","SITE-IMP-LYO"
"antoineg","SITE-WIFI-LYO"
"antoineg","SOC-DOC"
"antoineg","SOC-INTRA"
"antoineg","SOC-MSG"
"antoineg","SOC-VPN"
"antoineg","STOCK"
"antoinel","COMPTA-SAISIE"
"antoinel","ERP-LEC"
"antoinel","FCT-CONGES"
"antoinel","FCT-ENTRETIEN"
"antoinel","FCT-FORM"
"antoinel","FCT-NDF"
"antoinel","FCT-NDF-VALID"
"antoinel","SITE-BADGE-PAR"
"antoinel","SITE-IMP-PAR"
"antoinel","SITE-WIFI-PAR"
"antoinel","SOC-DOC"
"antoinel","SOC-INTRA"
"antoinel","SOC-MSG"
"antoinel","SOC-VPN"
"antoiner","CAMPAGNE"
"antoiner","FCT-CONGES"
"antoiner","FCT-FORM"
"antoiner","FCT-NDF"
"antoiner","MARQUE-CHARTE"
"antoiner","MEDIA-PLAN"
"antoiner","MEDIATHEQUE"
"antoiner","RESEAUX-SOC"
"antoiner","SITE-BADGE-PAR"
"antoiner","SITE-IMP-PAR"
"antoiner","SITE-WIFI-PAR"
"antoiner","SOC-DOC"
"antoiner","SOC-INTRA"
"antoiner","SOC-MSG"
"antoiner","SOC-VPN"
"arnaudg","CMS-PUBLI"
"arnaudg","CMS-REDAC"
"arnaudg","FCT-CONGES"
"arnaudg","FCT-FORM"
"arnaudg","FCT-NDF"
"arnaudg","FCT-ORG"
"arnaudg","FCT-TEMPS"
"arnaudg","MEDIATHEQUE"
"arnaudg","OBS-CRM1"
"arnaudg","OBS-FTP"
"arnaudg","SITE-BADGE-LYO"
"arnaudg","SITE-IMP-LYO"
"arnaudg","SITE-WIFI-LYO"
"arnaudg","SOC-DOC"
"arnaudg","SOC-INTRA"
"arnaudg","SOC-MSG"
"arnaudg","SOC-VPN"
"arnaudm","BADGE-ATELIER"
"arnaudm","EPI-DOTATION"
"arnaudm","FCT-CONGES"
"arnaudm","FCT-FORM"
"arnaudm","FCT-ORG"
"arnaudm","GMAO"
"arnaudm","OBS-CRM1"
"arnaudm","PLM-PLANS"
"arnaudm","PLM-VALID"
"arnaudm","SITE-BADGE-MTZ"
"arnaudm","SITE-IMP-MTZ"
"arnaudm","SITE-WIFI-MTZ"
"arnaudm","SOC-DOC"
"arnaudm","SOC-INTRA"
"arnaudm","SOC-MSG"
"arnaudm","SOC-VPN"
"arnaudm","SUPERVISION"
"arnaudp","COMPTA-SAISIE"
"arnaudp","COMPTA-VALID"
"arnaudp","ERP-LEC"
"arnaudp","FACTURE-FOURN"
"arnaudp","FCT-CONGES"
"arnaudp","FCT-FORM"
"arnaudp","FCT-ORG"
"arnaudp","SITE-BADGE-PAR"
"arnaudp","SITE-IMP-PAR"
"arnaudp","SITE-WIFI-PAR"
"arnaudp","SOC-DOC"
"arnaudp","SOC-INTRA"
"arnaudp","SOC-MSG"
"arnaudp","SOC-VPN"
"audreya","BADGE-ATELIER"
"audreya","EPI-DOTATION"
"audreya","FCT-CONGES"
"audreya","FCT-FORM"
"audreya","FCT-ORG"
"audreya","GMAO"
"audreya","PLM-PLANS"
"audreya","SITE-BADGE-MTZ"
"audreya","SITE-IMP-MTZ"
"audreya","SITE-WIFI-MTZ"
"audreya","SOC-DOC"
"audreya","SOC-INTRA"
"audreya","SOC-MSG"
"audreya","SOC-VPN"
"audreya","SUPERVISION"
"audreyd","DOC-PROJET"
"audreyd","FCT-CONGES"
"audreyd","FCT-ENTRETIEN"
"audreyd","FCT-FORM"
"audreyd","FCT-NDF"
"audreyd","FCT-NDF-VALID"
"audreyd","FCT-ORG"
"audreyd","FCT-TEMPS"
"audreyd","PM-BUDGET"
"audreyd","PM-OUTIL"
"audreyd","RISQUE-REG"
"audreyd","SITE-BADGE-PAR"
"audreyd","SITE-IMP-PAR"
"audreyd","SITE-WIFI-PAR"
"audreyd","SOC-DOC"
"audreyd","SOC-INTRA"
"audreyd","SOC-MSG"
"audreyd","SOC-VPN"
"audreyg","CRM-LEC"
"audreyg","CRM-PILOT"
"audreyg","DEVIS-VALID"
"audreyg","FCT-CONGES"
"audreyg","FCT-FORM"
"audreyg","FCT-NDF"
"audreyg","FCT-ORG"
"audreyg","MARGE-CONSULT"
"audreyg","SITE-BADGE-PAR"
"audreyg","SITE-IMP-PAR"
"audreyg","SITE-WIFI-PAR"
"audreyg","SOC-DOC"
"audreyg","SOC-INTRA"
"audreyg","SOC-MSG"
"audreyg","SOC-VPN"
"audreym","CONTRAT-MOD"
"audreym","FCT-CONGES"
"audreym","FCT-ENTRETIEN"
"audreym","FCT-NDF"
"audreym","FCT-NDF-VALID"
"audreym","FCT-ORG"
"audreym","OBS-CRM1"
"audreym","PAIE"
"audreym","RECRUTEMENT"
"audreym","SIRH-DOSSIER"
"audreym","SITE-BADGE-PAR"
"audreym","SITE-IMP-PAR"
"audreym","SITE-WIFI-PAR"
"audreym","SOC-DOC"
"audreym","SOC-INTRA"
"audreym","SOC-MSG"
"audreym","SOC-VPN"
"aurelieb","DOC-METHODO"
"aurelieb","FCT-CONGES"
"aurelieb","FCT-FORM"
"aurelieb","FCT-NDF"
"aurelieb","FCT-ORG"
"aurelieb","FCT-TEMPS"
"aurelieb","LIVRABLE-CLI"
"aurelieb","MISSION-PORT"
"aurelieb","SITE-BADGE-MTZ"
"aurelieb","SITE-IMP-MTZ"
"aurelieb","SITE-WIFI-MTZ"
"aurelieb","SOC-DOC"
"aurelieb","SOC-INTRA"
"aurelieb","SOC-MSG"
"aurelieb","SOC-VPN"
"aureliec","BI-CODIR"
"aureliec","DIR-TABLEAU"
"aureliec","FCT-CONGES"
"aureliec","FCT-ENTRETIEN"
"aureliec","FCT-FORM"
"aureliec","FCT-NDF"
"aureliec","FCT-NDF-VALID"
"aureliec","JURIDIQUE-CTR"
"aureliec","MARGE-CONSULT"
"aureliec","SITE-BADGE-PAR"
"aureliec","SITE-IMP-PAR"
"aureliec","SITE-WIFI-PAR"
"aureliec","SOC-DOC"
"aureliec","SOC-INTRA"
"aureliec","SOC-MSG"
"aureliec","SOC-VPN"
"aurelied","DOC-METHODO"
"aurelied","FCT-CONGES"
"aurelied","FCT-FORM"
"aurelied","FCT-NDF"
"aurelied","FCT-ORG"
"aurelied","FCT-TEMPS"
"aurelied","LIVRABLE-CLI"
"aurelied","MISSION-PORT"
"aurelied","SITE-BADGE-PAR"
"aurelied","SITE-IMP-PAR"
"aurelied","SITE-WIFI-PAR"
"aurelied","SOC-DOC"
"aurelied","SOC-INTRA"
"aurelied","SOC-MSG"
"aurelied","SOC-VPN"
"aureliem","CRM-LEC"
"aureliem","CRM-PILOT"
"aureliem","DEVIS-VALID"
"aureliem","FCT-CONGES"
"aureliem","FCT-FORM"
"aureliem","FCT-NDF"
"aureliem","FCT-ORG"
"aureliem","SITE-BADGE-PAR"
"aureliem","SITE-IMP-PAR"
"aureliem","SITE-WIFI-PAR"
"aureliem","SOC-DOC"
"aureliem","SOC-INTRA"
"aureliem","SOC-MSG"
"aureliem","SOC-VPN"
"aureliev","CRM-LEC"
"aureliev","CRM-PILOT"
"aureliev","DEVIS-VALID"
"aureliev","FCT-CONGES"
"aureliev","FCT-FORM"
"aureliev","FCT-NDF"
"aureliev","FCT-ORG"
"aureliev","MARGE-CONSULT"
"aureliev","SITE-BADGE-PAR"
"aureliev","SITE-IMP-PAR"
"aureliev","SITE-WIFI-PAR"
"aureliev","SOC-DOC"
"aureliev","SOC-INTRA"
"aureliev","SOC-MSG"
"aureliev","SOC-VPN"
"aureliez","DOC-METHODO"
"aureliez","FCT-CONGES"
"aureliez","FCT-FORM"
"aureliez","FCT-NDF"
"aureliez","FCT-ORG"
"aureliez","FCT-TEMPS"
"aureliez","MISSION-PORT"
"aureliez","SITE-BADGE-PAR"
"aureliez","SITE-IMP-PAR"
"aureliez","SITE-WIFI-PAR"
"aureliez","SOC-DOC"
"aureliez","SOC-INTRA"
"aureliez","SOC-MSG"
"aureliez","SOC-VPN"
"baptisteg","CRM-LEC"
"baptisteg","CRM-SAISIE"
"baptisteg","CRM-SEGMENT"
"baptisteg","DEVIS-CREA"
"baptisteg","FCT-CONGES"
"baptisteg","FCT-ENTRETIEN"
"baptisteg","FCT-FORM"
"baptisteg","FCT-NDF"
"baptisteg","FCT-NDF-VALID"
"baptisteg","FCT-ORG"
"baptisteg","LIVRABLE-CLI"
"baptisteg","PM-BUDGET"
"baptisteg","PROSPECT-BASE"
"baptisteg","SITE-BADGE-PAR"
"baptisteg","SITE-IMP-PAR"
"baptisteg","SITE-WIFI-PAR"
"baptisteg","SOC-DOC"
"baptisteg","SOC-INTRA"
"baptisteg","SOC-MSG"
"baptisteg","SOC-VPN"
"baptisteg","TARIF-CONSULT"
"baptisteg","TARIF-REMISE"
"baptistei","DOC-METHODO"
"baptistei","FCT-CONGES"
"baptistei","FCT-FORM"
"baptistei","FCT-NDF"
"baptistei","FCT-ORG"
"baptistei","FCT-TEMPS"
"baptistei","LIVRABLE-CLI"
"baptistei","MISSION-PORT"
"baptistei","SITE-BADGE-PAR"
"baptistei","SITE-IMP-PAR"
"baptistei","SITE-WIFI-PAR"
"baptistei","SOC-DOC"
"baptistei","SOC-INTRA"
"baptistei","SOC-MSG"
"baptistel","CRM-EXPORT"
"baptistel","CRM-LEC"
"baptistel","CRM-SEGMENT"
"baptistel","FCT-CONGES"
"baptistel","FCT-FORM"
"baptistel","FCT-NDF"
"baptistel","FCT-ORG"
"baptistel","SITE-BADGE-PAR"
"baptistel","SITE-IMP-PAR"
"baptistel","SITE-WIFI-PAR"
"baptistel","SOC-DOC"
"baptistel","SOC-INTRA"
"baptistel","SOC-MSG"
"baptistel","SOC-VPN"
"baptister","CAMPAGNE"
"baptister","FCT-CONGES"
"baptister","FCT-FORM"
"baptister","FCT-NDF"
"baptister","FCT-ORG"
"baptister","MARQUE-CHARTE"
"baptister","MEDIA-PLAN"
"baptister","MEDIATHEQUE"
"baptister","SITE-BADGE-PAR"
"baptister","SITE-IMP-PAR"
"baptister","SITE-WIFI-PAR"
"baptister","SOC-DOC"
"baptister","SOC-INTRA"
"baptister","SOC-MSG"
"baptister","SOC-VPN"
"baptistet","CMS-PUBLI"
"baptistet","CMS-REDAC"
"baptistet","DOC-PROJET"
"baptistet","FCT-CONGES"
"baptistet","FCT-FORM"
"baptistet","FCT-NDF"
"baptistet","FCT-ORG"
"baptistet","FCT-TEMPS"
"baptistet","MEDIATHEQUE"
"baptistet","SITE-BADGE-LYO"
"baptistet","SITE-IMP-LYO"
"baptistet","SITE-WIFI-LYO"
"baptistet","SOC-DOC"
"baptistet","SOC-INTRA"
"baptistet","SOC-MSG"
"baptistet","SOC-VPN"
"bastienc","CRM-LEC"
"bastienc","CRM-SAISIE"
"bastienc","DEVIS-CREA"
"bastienc","FCT-CONGES"
"bastienc","FCT-FORM"
"bastienc","FCT-NDF"
"bastienc","OBS-CRM1"
"bastienc","PROSPECT-BASE"
"bastienc","SITE-BADGE-LYO"
"bastienc","SITE-IMP-LYO"
"bastienc","SITE-WIFI-LYO"
"bastienc","SOC-DOC"
"bastienc","SOC-INTRA"
"bastienc","SOC-MSG"
"bastienc","SOC-VPN"
"bastienc","TARIF-CONSULT"
"bastienc","TARIF-REMISE"
"bastiend","DOC-PROJET"
"bastiend","FCT-NDF"
"bastiend","FCT-TEMPS"
"bastiend","PM-OUTIL"
"bastiend","SITE-BADGE-PAR"
"bastiend","SITE-WIFI-PAR"
"bastiend","SOC-DOC"
"bastiend","SOC-INTRA"
"bastiend","SOC-MSG"
"bastiend","SOC-VPN"
"bastiend","TRESORERIE"
"bastienl","DOC-METHODO"
"bastienl","FCT-CONGES"
"bastienl","FCT-NDF"
"bastienl","FCT-ORG"
"bastienl","FCT-TEMPS"
"bastienl","LIVRABLE-CLI"
"bastienl","MISSION-PORT"
"bastienl","SITE-BADGE-PAR"
"bastienl","SITE-IMP-PAR"
"bastienl","SITE-WIFI-PAR"
"bastienl","SOC-DOC"
"bastienl","SOC-INTRA"
"bastienl","SOC-MSG"
"bastienl","SOC-VPN"
"bastienp","DOC-PROJET"
"bastienp","FCT-CONGES"
"bastienp","FCT-ENTRETIEN"
"bastienp","FCT-FORM"
"bastienp","FCT-NDF"
"bastienp","FCT-NDF-VALID"
"bastienp","FCT-ORG"
"bastienp","FCT-TEMPS"
"bastienp","PM-BUDGET"
"bastienp","PM-OUTIL"
"bastienp","RISQUE-REG"
"bastienp","SITE-BADGE-PAR"
"bastienp","SITE-IMP-PAR"
"bastienp","SITE-WIFI-PAR"
"bastienp","SOC-DOC"
"bastienp","SOC-INTRA"
"bastienp","SOC-MSG"
"bastienp","SOC-VPN"
"bastienr","CRM-LEC"
"bastienr","CRM-PILOT"
"bastienr","DEVIS-VALID"
"bastienr","FCT-CONGES"
"bastienr","FCT-ENTRETIEN"
"bastienr","FCT-FORM"
"bastienr","FCT-NDF"
"bastienr","FCT-NDF-VALID"
"bastienr","MARGE-CONSULT"
"bastienr","SITE-BADGE-PAR"
"bastienr","SITE-IMP-PAR"
"bastienr","SITE-WIFI-PAR"
"bastienr","SOC-DOC"
"bastienr","SOC-INTRA"
"bastienr","SOC-MSG"
"bastienr","SOC-VPN"
"bastienv","ACHAT-DEM"
"bastienv","ACHAT-VALID"
"bastienv","ERP-LEC"
"bastienv","FCT-CONGES"
"bastienv","FCT-ENTRETIEN"
"bastienv","FCT-FORM"
"bastienv","FCT-NDF"
"bastienv","FCT-NDF-VALID"
"bastienv","FCT-ORG"
"bastienv","FOURN-PORTAIL"
"bastienv","LOGISTIQUE"
"bastienv","SITE-BADGE-MTZ"
"bastienv","SITE-IMP-MTZ"
"bastienv","SITE-WIFI-MTZ"
"bastienv","SOC-DOC"
"bastienv","SOC-INTRA"
"bastienv","SOC-MSG"
"bastienv","SOC-VPN"
"bastienv","STOCK"
"benoita","CRM-LEC"
"benoita","CRM-PILOT"
"benoita","DEVIS-VALID"
"benoita","FCT-CONGES"
"benoita","FCT-FORM"
"benoita","FCT-NDF"
"benoita","FCT-ORG"
"benoita","SITE-BADGE-LYO"
"benoita","SITE-IMP-LYO"
"benoita","SITE-WIFI-LYO"
"benoita","SOC-DOC"
"benoita","SOC-INTRA"
"benoita","SOC-MSG"
"benoita","SOC-VPN"
"benoitg","COMPTA-SAISIE"
"benoitg","COMPTA-VALID"
"benoitg","ERP-LEC"
"benoitg","FACTURE-FOURN"
"benoitg","FCT-CONGES"
"benoitg","FCT-FORM"
"benoitg","FCT-ORG"
"benoitg","SITE-BADGE-PAR"
"benoitg","SITE-IMP-PAR"
"benoitg","SITE-WIFI-PAR"
"benoitg","SOC-DOC"
"benoitg","SOC-INTRA"
"benoitg","SOC-MSG"
"benoitg","SOC-VPN"
"benoith","DOC-METHODO"
"benoith","DOC-PROJET"
"benoith","FCT-NDF"
"benoith","FCT-TEMPS"
"benoith","LIVRABLE-CLI"
"benoith","MISSION-PORT"
"benoith","PAIE"
"benoith","SITE-BADGE-LYO"
"benoith","SITE-WIFI-LYO"
"benoith","SOC-DOC"
"benoith","SOC-INTRA"
"benoith","SOC-MSG"
"benoith","SOC-VPN"
"benoitk","CRM-LEC"
"benoitk","CRM-SAISIE"
"benoitk","DEVIS-CREA"
"benoitk","FCT-CONGES"
"benoitk","FCT-FORM"
"benoitk","FCT-NDF"
"benoitk","FCT-ORG"
"benoitk","PROSPECT-BASE"
"benoitk","SITE-BADGE-MTZ"
"benoitk","SITE-IMP-MTZ"
"benoitk","SITE-WIFI-MTZ"
"benoitk","SOC-DOC"
"benoitk","SOC-INTRA"
"benoitk","SOC-MSG"
"benoitk","SOC-VPN"
"benoitk","TARIF-CONSULT"
"benoitm","CRM-LEC"
"benoitm","CRM-SAISIE"
"benoitm","DEVIS-CREA"
"benoitm","FCT-CONGES"
"benoitm","FCT-FORM"
"benoitm","FCT-NDF"
"benoitm","FCT-ORG"
"benoitm","MEDIATHEQUE"
"benoitm","PROSPECT-BASE"
"benoitm","SITE-BADGE-MTZ"
"benoitm","SITE-IMP-MTZ"
"benoitm","SITE-WIFI-MTZ"
"benoitm","SOC-DOC"
"benoitm","SOC-INTRA"
"benoitm","SOC-MSG"
"benoitm","SOC-VPN"
"benoitm","TARIF-CONSULT"
"benoitm","TARIF-REMISE"
"camillef","DOC-PROJET"
"camillef","FCT-CONGES"
"camillef","FCT-FORM"
"camillef","FCT-NDF"
"camillef","FCT-NDF-VALID"
"camillef","FCT-ORG"
"camillef","FCT-TEMPS"
"camillef","PM-BUDGET"
"camillef","PM-OUTIL"
"camillef","RISQUE-REG"
"camillef","SITE-BADGE-PAR"
"camillef","SITE-IMP-PAR"
"camillef","SITE-WIFI-PAR"
"camillef","SOC-DOC"
"camillef","SOC-INTRA"
"camillef","SOC-MSG"
"camillef","SOC-VPN"
"camilleh","DOC-METHODO"
"camilleh","FCT-CONGES"
"camilleh","FCT-FORM"
"camilleh","FCT-NDF"
"camilleh","FCT-ORG"
"camilleh","FCT-TEMPS"
"camilleh","LIVRABLE-CLI"
"camilleh","MISSION-PORT"
"camilleh","SITE-BADGE-MTZ"
"camilleh","SITE-IMP-MTZ"
"camilleh","SITE-WIFI-MTZ"
"camilleh","SOC-DOC"
"camilleh","SOC-INTRA"
"camilleh","SOC-MSG"
"camilleh","SOC-VPN"
"camillel","DEVIS-CREA"
"camillel","DOC-METHODO"
"camillel","DOC-PROJET"
"camillel","FCT-NDF"
"camillel","FCT-TEMPS"
"camillel","PM-OUTIL"
"camillel","SITE-BADGE-PAR"
"camillel","SITE-IMP-PAR"
"camillel","SITE-WIFI-PAR"
"camillel","SOC-DOC"
"camillel","SOC-INTRA"
"camillel","SOC-MSG"
"camillel","SOC-VPN"
"camillem","ACHAT-DEM"
"camillem","ERP-LEC"
"camillem","FCT-CONGES"
"camillem","FCT-ENTRETIEN"
"camillem","FCT-FORM"
"camillem","FCT-NDF"
"camillem","FCT-NDF-VALID"
"camillem","FCT-ORG"
"camillem","FOURN-PORTAIL"
"camillem","LOGISTIQUE"
"camillem","OBS-INTRANET1"
"camillem","SITE-BADGE-PAR"
"camillem","SITE-IMP-PAR"
"camillem","SITE-WIFI-PAR"
"camillem","SOC-DOC"
"camillem","SOC-INTRA"
"camillem","SOC-MSG"
"camillem","SOC-VPN"
"camillet","CAMPAGNE"
"camillet","FCT-CONGES"
"camillet","FCT-FORM"
"camillet","FCT-NDF"
"camillet","FCT-ORG"
"camillet","MARQUE-CHARTE"
"camillet","MEDIA-PLAN"
"camillet","MEDIATHEQUE"
"camillet","SITE-BADGE-PAR"
"camillet","SITE-IMP-PAR"
"camillet","SITE-WIFI-PAR"
"camillet","SOC-DOC"
"camillet","SOC-INTRA"
"camillet","SOC-MSG"
"camillet","SOC-VPN"
"carolinep","BI-CODIR"
"carolinep","DIR-TABLEAU"
"carolinep","FCT-CONGES"
"carolinep","FCT-ENTRETIEN"
"carolinep","FCT-FORM"
"carolinep","FCT-NDF"
"carolinep","FCT-NDF-VALID"
"carolinep","FCT-ORG"
"carolinep","JURIDIQUE-CTR"
"carolinep","MARGE-CONSULT"
"carolinep","SITE-BADGE-PAR"
"carolinep","SITE-IMP-PAR"
"carolinep","SITE-WIFI-PAR"
"carolinep","SOC-DOC"
"carolinep","SOC-INTRA"
"carolinep","SOC-MSG"
"carolinep","SOC-VPN"
"cedrica","BI-CODIR"
"cedrica","DIR-TABLEAU"
"cedrica","FCT-CONGES"
"cedrica","FCT-FORM"
"cedrica","FCT-NDF"
"cedrica","FCT-ORG"
"cedrica","JURIDIQUE-CTR"
"cedrica","MARGE-CONSULT"
"cedrica","SITE-BADGE-PAR"
"cedrica","SITE-IMP-PAR"
"cedrica","SITE-WIFI-PAR"
"cedrica","SOC-DOC"
"cedrica","SOC-INTRA"
"cedrica","SOC-MSG"
"cedrica","SOC-VPN"
"cedricg","DOC-PROJET"
"cedricg","FCT-NDF"
"cedricg","FCT-TEMPS"
"cedricg","PM-OUTIL"
"cedricg","SITE-BADGE-PAR"
"cedricg","SITE-IMP-PAR"
"cedricg","SITE-WIFI-PAR"
"cedricg","SOC-DOC"
"cedricg","SOC-INTRA"
"cedricg","SOC-MSG"
"cedricg","SOC-VPN"
"cedrich","DOC-PROJET"
"cedrich","FCT-CONGES"
"cedrich","FCT-ENTRETIEN"
"cedrich","FCT-FORM"
"cedrich","FCT-NDF"
"cedrich","FCT-NDF-VALID"
"cedrich","FCT-ORG"
"cedrich","FCT-TEMPS"
"cedrich","PM-BUDGET"
"cedrich","PM-OUTIL"
"cedrich","RISQUE-REG"
"cedrich","SITE-BADGE-PAR"
"cedrich","SITE-IMP-PAR"
"cedrich","SITE-WIFI-PAR"
"cedrich","SOC-DOC"
"cedrich","SOC-INTRA"
"cedrich","SOC-MSG"
"cedrich","SOC-VPN"
"cedricm","DOC-METHODO"
"cedricm","FCT-CONGES"
"cedricm","FCT-FORM"
"cedricm","FCT-NDF"
"cedricm","FCT-ORG"
"cedricm","FCT-TEMPS"
"cedricm","LIVRABLE-CLI"
"cedricm","MISSION-PORT"
"cedricm","SITE-BADGE-MTZ"
"cedricm","SITE-IMP-MTZ"
"cedricm","SITE-WIFI-MTZ"
"cedricm","SOC-DOC"
"cedricm","SOC-INTRA"
"cedricm","SOC-MSG"
"cedricm","SOC-VPN"
"cedricp","BI-CODIR"
"cedricp","DIR-TABLEAU"
"cedricp","FCT-CONGES"
"cedricp","FCT-ENTRETIEN"
"cedricp","FCT-FORM"
"cedricp","FCT-NDF"
"cedricp","FCT-NDF-VALID"
"cedricp","FCT-ORG"
"cedricp","JURIDIQUE-CTR"
"cedricp","MARGE-CONSULT"
"cedricp","SITE-BADGE-PAR"
"cedricp","SITE-IMP-PAR"
"cedricp","SITE-WIFI-PAR"
"cedricp","SOC-DOC"
"cedricp","SOC-INTRA"
"cedricp","SOC-MSG"
"cedricp","SOC-VPN"
"cedrict","DOC-METHODO"
"cedrict","FCT-CONGES"
"cedrict","FCT-FORM"
"cedrict","FCT-NDF"
"cedrict","FCT-ORG"
"cedrict","FCT-TEMPS"
"cedrict","LIVRABLE-CLI"
"cedrict","MISSION-PORT"
"cedrict","SITE-BADGE-PAR"
"cedrict","SITE-IMP-PAR"
"cedrict","SITE-WIFI-PAR"
"cedrict","SOC-DOC"
"cedrict","SOC-INTRA"
"cedrict","SOC-MSG"
"cedrict","SOC-VPN"
"celinec","CMS-REDAC"
"celinec","DOC-PROJET"
"celinec","FCT-CONGES"
"celinec","FCT-FORM"
"celinec","FCT-NDF"
"celinec","FCT-ORG"
"celinec","FCT-TEMPS"
"celinec","MEDIATHEQUE"
"celinec","OBS-FTP"
"celinec","PROSPECT-BASE"
"celinec","SITE-BADGE-LYO"
"celinec","SITE-IMP-LYO"
"celinec","SITE-WIFI-LYO"
"celinec","SOC-DOC"
"celinec","SOC-INTRA"
"celinec","SOC-MSG"
"celinec","SOC-VPN"
"celined","DOC-PROJET"
"celined","FCT-CONGES"
"celined","FCT-ENTRETIEN"
"celined","FCT-FORM"
"celined","FCT-NDF"
"celined","FCT-NDF-VALID"
"celined","FCT-ORG"
"celined","FCT-TEMPS"
"celined","PM-BUDGET"
"celined","PM-OUTIL"
"celined","RISQUE-REG"
"celined","SITE-BADGE-PAR"
"celined","SITE-IMP-PAR"
"celined","SITE-WIFI-PAR"
"celined","SOC-DOC"
"celined","SOC-INTRA"
"celined","SOC-MSG"
"celined","SOC-VPN"
"celineo","BADGE-ATELIER"
"celineo","EPI-DOTATION"
"celineo","FCT-CONGES"
"celineo","FCT-ENTRETIEN"
"celineo","FCT-FORM"
"celineo","FCT-NDF"
"celineo","FCT-NDF-VALID"
"celineo","FCT-ORG"
"celineo","GMAO"
"celineo","PLM-PLANS"
"celineo","SITE-BADGE-MTZ"
"celineo","SITE-IMP-MTZ"
"celineo","SITE-WIFI-MTZ"
"celineo","SOC-DOC"
"celineo","SOC-INTRA"
"celineo","SOC-MSG"
"celineo","SOC-VPN"
"charlottea","CRM-LEC"
"charlottea","CRM-SAISIE"
"charlottea","CRM-SEGMENT"
"charlottea","DEVIS-CREA"
"charlottea","FCT-CONGES"
"charlottea","FCT-FORM"
"charlottea","FCT-NDF"
"charlottea","FCT-ORG"
"charlottea","PROSPECT-BASE"
"charlottea","SITE-BADGE-PAR"
"charlottea","SITE-IMP-PAR"
"charlottea","SITE-WIFI-PAR"
"charlottea","SOC-DOC"
"charlottea","SOC-INTRA"
"charlottea","SOC-MSG"
"charlottea","SOC-VPN"
"charlottea","TARIF-CONSULT"
"charlottec","FCT-NDF"
"charlottec","FCT-TEMPS"
"charlottec","SITE-BADGE-PAR"
"charlottec","SITE-IMP-PAR"
"charlottec","SITE-WIFI-PAR"
"charlottec","SOC-DOC"
"charlottec","SOC-INTRA"
"charlottec","SOC-MSG"
"charlottec","SOC-VPN"
"charlotteg","DOC-METHODO"
"charlotteg","FCT-CONGES"
"charlotteg","FCT-FORM"
"charlotteg","FCT-NDF"
"charlotteg","FCT-TEMPS"
"charlotteg","LIVRABLE-CLI"
"charlotteg","MISSION-PORT"
"charlotteg","SITE-BADGE-LYO"
"charlotteg","SITE-IMP-LYO"
"charlotteg","SITE-WIFI-LYO"
"charlotteg","SOC-DOC"
"charlotteg","SOC-INTRA"
"charlotteg","SOC-MSG"
"charlotteg","SOC-VPN"
"charlottej","CRM-LEC"
"charlottej","CRM-PILOT"
"charlottej","DEVIS-VALID"
"charlottej","FCT-CONGES"
"charlottej","FCT-FORM"
"charlottej","FCT-NDF"
"charlottej","FCT-ORG"
"charlottej","MARGE-CONSULT"
"charlottej","SITE-BADGE-LYO"
"charlottej","SITE-IMP-LYO"
"charlottej","SITE-WIFI-LYO"
"charlottej","SOC-DOC"
"charlottej","SOC-INTRA"
"charlottej","SOC-MSG"
"charlottej","SOC-VPN"
"clemencea","ACHAT-DEM"
"clemencea","ERP-LEC"
"clemencea","FCT-CONGES"
"clemencea","FCT-ENTRETIEN"
"clemencea","FCT-FORM"
"clemencea","FCT-NDF"
"clemencea","FCT-NDF-VALID"
"clemencea","FCT-ORG"
"clemencea","FOURN-PORTAIL"
"clemencea","SITE-BADGE-LYO"
"clemencea","SITE-IMP-LYO"
"clemencea","SITE-WIFI-LYO"
"clemencea","SOC-DOC"
"clemencea","SOC-INTRA"
"clemencea","SOC-MSG"
"clemencea","SOC-VPN"
"clemencea","STOCK"
"clemencee","ACHAT-DEM"
"clemencee","ERP-LEC"
"clemencee","FCT-CONGES"
"clemencee","FCT-ENTRETIEN"
"clemencee","FCT-FORM"
"clemencee","FCT-NDF"
"clemencee","FCT-NDF-VALID"
"clemencee","FCT-ORG"
"clemencee","FOURN-PORTAIL"
"clemencee","LOGISTIQUE"
"clemencee","SITE-BADGE-MTZ"
"clemencee","SITE-IMP-MTZ"
"clemencee","SITE-WIFI-MTZ"
"clemencee","SOC-DOC"
"clemencee","SOC-INTRA"
"clemencee","SOC-MSG"
"clemencee","SOC-VPN"
"clemencee","STOCK"
"clemencem","CMS-PUBLI"
"clemencem","CMS-REDAC"
"clemencem","DOC-PROJET"
"clemencem","FCT-CONGES"
"clemencem","FCT-NDF"
"clemencem","FCT-ORG"
"clemencem","FCT-TEMPS"
"clemencem","MEDIATHEQUE"
"clemencem","SITE-BADGE-LYO"
"clemencem","SITE-IMP-LYO"
"clemencem","SITE-WIFI-LYO"
"clemencem","SOC-DOC"
"clemencem","SOC-INTRA"
"clemencem","SOC-MSG"
"clemencem","SOC-VPN"
"clemencen","CMS-PUBLI"
"clemencen","CMS-REDAC"
"clemencen","DOC-PROJET"
"clemencen","FCT-CONGES"
"clemencen","FCT-FORM"
"clemencen","FCT-NDF"
"clemencen","FCT-TEMPS"
"clemencen","MEDIATHEQUE"
"clemencen","SITE-BADGE-LYO"
"clemencen","SITE-IMP-LYO"
"clemencen","SITE-WIFI-LYO"
"clemencen","SOC-DOC"
"clemencen","SOC-INTRA"
"clemencen","SOC-MSG"
"clemencen","SOC-VPN"
"clemencep","CMS-REDAC"
"clemencep","DOC-PROJET"
"clemencep","FCT-CONGES"
"clemencep","FCT-FORM"
"clemencep","FCT-NDF"
"clemencep","FCT-ORG"
"clemencep","FCT-TEMPS"
"clemencep","MEDIATHEQUE"
"clemencep","SITE-BADGE-LYO"
"clemencep","SITE-IMP-LYO"
"clemencep","SITE-WIFI-LYO"
"clemencep","SOC-DOC"
"clemencep","SOC-INTRA"
"clemencep","SOC-MSG"
"clemencep","SOC-VPN"
"clemencev","ACHAT-DEM"
"clemencev","ERP-LEC"
"clemencev","FCT-CONGES"
"clemencev","FCT-ENTRETIEN"
"clemencev","FCT-FORM"
"clemencev","FCT-NDF"
"clemencev","FCT-NDF-VALID"
"clemencev","FCT-ORG"
"clemencev","LOGISTIQUE"
"clemencev","SITE-BADGE-PAR"
"clemencev","SITE-IMP-PAR"
"clemencev","SITE-WIFI-PAR"
"clemencev","SOC-DOC"
"clemencev","SOC-INTRA"
"clemencev","SOC-MSG"
"clemencev","SOC-VPN"
"clemencev","STOCK"
"damienb","DOC-METHODO"
"damienb","FCT-CONGES"
"damienb","FCT-FORM"
"damienb","FCT-NDF"
"damienb","FCT-ORG"
"damienb","FCT-TEMPS"
"damienb","LIVRABLE-CLI"
"damienb","MISSION-PORT"
"damienb","OBS-GED2003"
"damienb","SITE-BADGE-PAR"
"damienb","SITE-WIFI-PAR"
"damienb","SOC-DOC"
"damienb","SOC-INTRA"
"damienb","SOC-MSG"
"damienb","SOC-VPN"
"damieng","CRM-LEC"
"damieng","CRM-SAISIE"
"damieng","CRM-SEGMENT"
"damieng","DEVIS-CREA"
"damieng","FCT-CONGES"
"damieng","FCT-FORM"
"damieng","FCT-NDF"
"damieng","OBS-GED2003"
"damieng","PROSPECT-BASE"
"damieng","SITE-BADGE-PAR"
"damieng","SITE-IMP-PAR"
"damieng","SITE-WIFI-PAR"
"damieng","SOC-DOC"
"damieng","SOC-INTRA"
"damieng","SOC-MSG"
"damieng","SOC-VPN"
"damieng","TARIF-CONSULT"
"delphineb","ACHAT-DEM"
"delphineb","ERP-LEC"
"delphineb","FCT-CONGES"
"delphineb","FCT-ENTRETIEN"
"delphineb","FCT-FORM"
"delphineb","FCT-NDF"
"delphineb","FCT-NDF-VALID"
"delphineb","FCT-ORG"
"delphineb","FOURN-PORTAIL"
"delphineb","LOGISTIQUE"
"delphineb","SITE-BADGE-MTZ"
"delphineb","SITE-IMP-MTZ"
"delphineb","SITE-WIFI-MTZ"
"delphineb","SOC-DOC"
"delphineb","SOC-INTRA"
"delphineb","SOC-MSG"
"delphineb","SOC-VPN"
"delphinee","CAMPAGNE"
"delphinee","FCT-CONGES"
"delphinee","FCT-ENTRETIEN"
"delphinee","FCT-FORM"
"delphinee","FCT-NDF"
"delphinee","FCT-NDF-VALID"
"delphinee","FCT-ORG"
"delphinee","MARQUE-CHARTE"
"delphinee","MEDIA-PLAN"
"delphinee","RESEAUX-SOC"
"delphinee","SITE-BADGE-PAR"
"delphinee","SITE-IMP-PAR"
"delphinee","SITE-WIFI-PAR"
"delphinee","SOC-DOC"
"delphinee","SOC-INTRA"
"delphinee","SOC-MSG"
"delphinee","SOC-VPN"
"delphineh","BADGE-ATELIER"
"delphineh","EPI-DOTATION"
"delphineh","FCT-CONGES"
"delphineh","FCT-FORM"
"delphineh","FCT-ORG"
"delphineh","GMAO"
"delphineh","PLM-PLANS"
"delphineh","SITE-BADGE-MTZ"
"delphineh","SITE-IMP-MTZ"
"delphineh","SITE-WIFI-MTZ"
"delphineh","SOC-DOC"
"delphineh","SOC-INTRA"
"delphineh","SOC-MSG"
"delphineh","SOC-VPN"
"delphineh","SUPERVISION"
"delphinei","CRM-LEC"
"delphinei","CRM-PILOT"
"delphinei","DEVIS-VALID"
"delphinei","FCT-CONGES"
"delphinei","FCT-NDF"
"delphinei","FCT-ORG"
"delphinei","MARGE-CONSULT"
"delphinei","SITE-BADGE-PAR"
"delphinei","SITE-IMP-PAR"
"delphinei","SITE-WIFI-PAR"
"delphinei","SOC-DOC"
"delphinei","SOC-INTRA"
"delphinei","SOC-MSG"
"delphineo","CAMPAGNE"
"delphineo","FCT-CONGES"
"delphineo","FCT-FORM"
"delphineo","FCT-NDF"
"delphineo","FCT-ORG"
"delphineo","MARQUE-CHARTE"
"delphineo","MEDIA-PLAN"
"delphineo","MEDIATHEQUE"
"delphineo","SITE-BADGE-PAR"
"delphineo","SITE-IMP-PAR"
"delphineo","SITE-WIFI-PAR"
"delphineo","SOC-DOC"
"delphineo","SOC-INTRA"
"delphineo","SOC-MSG"
"delphineo","SOC-VPN"
"delphinep","CRM-LEC"
"delphinep","CRM-SAISIE"
"delphinep","CRM-SEGMENT"
"delphinep","DEVIS-CREA"
"delphinep","FCT-CONGES"
"delphinep","FCT-NDF"
"delphinep","PROSPECT-BASE"
"delphinep","SITE-BADGE-PAR"
"delphinep","SITE-IMP-PAR"
"delphinep","SITE-WIFI-PAR"
"delphinep","SOC-DOC"
"delphinep","SOC-INTRA"
"delphinep","SOC-MSG"
"delphinep","SOC-VPN"
"delphinep","TARIF-CONSULT"
"delphinep","TARIF-REMISE"
"delphinez","DOC-PROJET"
"delphinez","FCT-NDF"
"delphinez","FCT-TEMPS"
"delphinez","PM-OUTIL"
"delphinez","SITE-BADGE-PAR"
"delphinez","SITE-IMP-PAR"
"delphinez","SITE-WIFI-PAR"
"delphinez","SOC-DOC"
"delphinez","SOC-INTRA"
"delphinez","SOC-MSG"
"delphinez","SOC-VPN"
"elodieb","DIR-TABLEAU"
"elodieb","FCT-CONGES"
"elodieb","FCT-ENTRETIEN"
"elodieb","FCT-FORM"
"elodieb","FCT-NDF"
"elodieb","FCT-NDF-VALID"
"elodieb","FCT-ORG"
"elodieb","JURIDIQUE-CTR"
"elodieb","MARGE-CONSULT"
"elodieb","SITE-BADGE-PAR"
"elodieb","SITE-IMP-PAR"
"elodieb","SITE-WIFI-PAR"
"elodieb","SOC-DOC"
"elodieb","SOC-INTRA"
"elodieb","SOC-MSG"
"elodieb","SOC-VPN"
"elodiec","DOC-METHODO"
"elodiec","FCT-CONGES"
"elodiec","FCT-ENTRETIEN"
"elodiec","FCT-FORM"
"elodiec","FCT-NDF"
"elodiec","FCT-NDF-VALID"
"elodiec","FCT-ORG"
"elodiec","FCT-TEMPS"
"elodiec","LIVRABLE-CLI"
"elodiec","MISSION-PORT"
"elodiec","SITE-BADGE-PAR"
"elodiec","SITE-IMP-PAR"
"elodiec","SITE-WIFI-PAR"
"elodiec","SOC-DOC"
"elodiec","SOC-INTRA"
"elodiec","SOC-MSG"
"elodiec","SOC-VPN"
"elodiei","CRM-LEC"
"elodiei","CRM-SAISIE"
"elodiei","CRM-SEGMENT"
"elodiei","DEVIS-CREA"
"elodiei","FCT-CONGES"
"elodiei","FCT-ENTRETIEN"
"elodiei","FCT-FORM"
"elodiei","FCT-NDF"
"elodiei","FCT-NDF-VALID"
"elodiei","OBS-FTP"
"elodiei","PROSPECT-BASE"
"elodiei","SITE-BADGE-PAR"
"elodiei","SITE-IMP-PAR"
"elodiei","SITE-WIFI-PAR"
"elodiei","SOC-DOC"
"elodiei","SOC-INTRA"
"elodiei","SOC-MSG"
"elodiei","SOC-VPN"
"elodiei","TARIF-CONSULT"
"elodien","DOC-PROJET"
"elodien","FCT-CONGES"
"elodien","FCT-ENTRETIEN"
"elodien","FCT-FORM"
"elodien","FCT-NDF"
"elodien","FCT-NDF-VALID"
"elodien","FCT-ORG"
"elodien","FCT-TEMPS"
"elodien","PM-BUDGET"
"elodien","PM-OUTIL"
"elodien","RISQUE-REG"
"elodien","SITE-BADGE-PAR"
"elodien","SITE-IMP-PAR"
"elodien","SITE-WIFI-PAR"
"elodien","SOC-DOC"
"elodien","SOC-INTRA"
"elodien","SOC-MSG"
"elodien","SOC-VPN"
"elodiep","ACHAT-DEM"
"elodiep","ERP-LEC"
"elodiep","FCT-CONGES"
"elodiep","FCT-ENTRETIEN"
"elodiep","FCT-FORM"
"elodiep","FCT-NDF"
"elodiep","FCT-NDF-VALID"
"elodiep","FCT-ORG"
"elodiep","FOURN-PORTAIL"
"elodiep","LOGISTIQUE"
"elodiep","SITE-BADGE-LYO"
"elodiep","SITE-IMP-LYO"
"elodiep","SITE-WIFI-LYO"
"elodiep","SOC-DOC"
"elodiep","SOC-INTRA"
"elodiep","SOC-MSG"
"elodiep","SOC-VPN"
"elodier","FCT-CONGES"
"elodier","FCT-FORM"
"elodier","FCT-ORG"
"elodier","MARQUE-CHARTE"
"elodier","MEDIATHEQUE"
"elodier","PAO"
"elodier","SITE-BADGE-PAR"
"elodier","SITE-IMP-PAR"
"elodier","SITE-WIFI-PAR"
"elodier","SOC-DOC"
"elodier","SOC-INTRA"
"elodier","SOC-MSG"
"emilied","CRM-LEC"
"emilied","CRM-SAISIE"
"emilied","DEVIS-CREA"
"emilied","FCT-CONGES"
"emilied","FCT-FORM"
"emilied","FCT-NDF"
"emilied","FCT-ORG"
"emilied","SITE-BADGE-MTZ"
"emilied","SITE-WIFI-MTZ"
"emilied","SOC-DOC"
"emilied","SOC-INTRA"
"emilied","SOC-MSG"
"emilied","SOC-VPN"
"emilied","TARIF-CONSULT"
"emiliei","ACHAT-DEM"
"emiliei","ERP-LEC"
"emiliei","FCT-CONGES"
"emiliei","FCT-ENTRETIEN"
"emiliei","FCT-FORM"
"emiliei","FCT-NDF"
"emiliei","FCT-NDF-VALID"
"emiliei","FCT-ORG"
"emiliei","FOURN-PORTAIL"
"emiliei","SITE-BADGE-MTZ"
"emiliei","SITE-IMP-MTZ"
"emiliei","SITE-WIFI-MTZ"
"emiliei","SOC-DOC"
"emiliei","SOC-INTRA"
"emiliei","SOC-MSG"
"emiliei","SOC-VPN"
"emiliel","BADGE-ATELIER"
"emiliel","EPI-DOTATION"
"emiliel","FCT-CONGES"
"emiliel","FCT-FORM"
"emiliel","FCT-ORG"
"emiliel","GMAO"
"emiliel","PLM-PLANS"
"emiliel","PLM-VALID"
"emiliel","SITE-BADGE-MTZ"
"emiliel","SITE-IMP-MTZ"
"emiliel","SITE-WIFI-MTZ"
"emiliel","SOC-DOC"
"emiliel","SOC-INTRA"
"emiliel","SOC-MSG"
"emiliel","SOC-VPN"
"emiliel","SUPERVISION"
"emiliem","DOC-PROJET"
"emiliem","FCT-CONGES"
"emiliem","FCT-ENTRETIEN"
"emiliem","FCT-FORM"
"emiliem","FCT-NDF"
"emiliem","FCT-NDF-VALID"
"emiliem","FCT-TEMPS"
"emiliem","PM-BUDGET"
"emiliem","PM-OUTIL"
"emiliem","SITE-BADGE-PAR"
"emiliem","SITE-IMP-PAR"
"emiliem","SITE-WIFI-PAR"
"emiliem","SOC-DOC"
"emiliem","SOC-INTRA"
"emiliem","SOC-MSG"
"emiliem","SOC-VPN"
"emiliep","BADGE-ATELIER"
"emiliep","EPI-DOTATION"
"emiliep","FCT-CONGES"
"emiliep","FCT-FORM"
"emiliep","FCT-ORG"
"emiliep","GMAO"
"emiliep","PLM-PLANS"
"emiliep","SITE-BADGE-MTZ"
"emiliep","SITE-IMP-MTZ"
"emiliep","SITE-WIFI-MTZ"
"emiliep","SOC-DOC"
"emiliep","SOC-INTRA"
"emiliep","SOC-MSG"
"emiliep","SOC-VPN"
"emiliep","SUPERVISION"
"estellea","ACHAT-DEM"
"estellea","ACHAT-VALID"
"estellea","ERP-LEC"
"estellea","FCT-CONGES"
"estellea","FCT-ENTRETIEN"
"estellea","FCT-FORM"
"estellea","FCT-NDF"
"estellea","FCT-NDF-VALID"
"estellea","FCT-ORG"
"estellea","FOURN-PORTAIL"
"estellea","LOGISTIQUE"
"estellea","SITE-BADGE-PAR"
"estellea","SITE-IMP-PAR"
"estellea","SITE-WIFI-PAR"
"estellea","SOC-DOC"
"estellea","SOC-INTRA"
"estellea","SOC-MSG"
"estellea","SOC-VPN"
"estellea","STOCK"
"estelleg","ACHAT-DEM"
"estelleg","ERP-LEC"
"estelleg","FCT-CONGES"
"estelleg","FCT-ENTRETIEN"
"estelleg","FCT-FORM"
"estelleg","FCT-NDF"
"estelleg","FCT-NDF-VALID"
"estelleg","FCT-ORG"
"estelleg","FOURN-PORTAIL"
"estelleg","LOGISTIQUE"
"estelleg","SITE-BADGE-LYO"
"estelleg","SITE-IMP-LYO"
"estelleg","SITE-WIFI-LYO"
"estelleg","SOC-DOC"
"estelleg","SOC-INTRA"
"estelleg","SOC-MSG"
"estelleg","SOC-VPN"
"estelleg","STOCK"
"estellej","DEVIS-CREA"
"estellej","DOC-METHODO"
"estellej","DOC-PROJET"
"estellej","FCT-NDF"
"estellej","FCT-TEMPS"
"estellej","LIVRABLE-CLI"
"estellej","MISSION-PORT"
"estellej","SITE-BADGE-LYO"
"estellej","SITE-IMP-LYO"
"estellej","SITE-WIFI-LYO"
"estellej","SOC-DOC"
"estellej","SOC-INTRA"
"estellej","SOC-MSG"
"estellej","SOC-VPN"
"estellej","SUPERVISION"
"esteller","CAMPAGNE"
"esteller","FCT-CONGES"
"esteller","FCT-FORM"
"esteller","FCT-NDF"
"esteller","FCT-ORG"
"esteller","MARQUE-CHARTE"
"esteller","MEDIATHEQUE"
"esteller","SITE-BADGE-PAR"
"esteller","SITE-IMP-PAR"
"esteller","SITE-WIFI-PAR"
"esteller","SOC-DOC"
"esteller","SOC-INTRA"
"esteller","SOC-MSG"
"esteller","SOC-VPN"
"estellez","DOC-METHODO"
"estellez","DOC-PROJET"
"estellez","FCT-NDF"
"estellez","FCT-TEMPS"
"estellez","LIVRABLE-CLI"
"estellez","MISSION-PORT"
"estellez","SITE-BADGE-LYO"
"estellez","SITE-IMP-LYO"
"estellez","SITE-WIFI-LYO"
"estellez","SOC-DOC"
"estellez","SOC-INTRA"
"estellez","SOC-MSG"
"estellez","SOC-VPN"
"etienneb","CRM-LEC"
"etienneb","CRM-SAISIE"
"etienneb","DEVIS-CREA"
"etienneb","FCT-CONGES"
"etienneb","FCT-ENTRETIEN"
"etienneb","FCT-FORM"
"etienneb","FCT-NDF"
"etienneb","FCT-NDF-VALID"
"etienneb","FCT-ORG"
"etienneb","PROSPECT-BASE"
"etienneb","SITE-BADGE-MTZ"
"etienneb","SITE-IMP-MTZ"
"etienneb","SITE-WIFI-MTZ"
"etienneb","SOC-DOC"
"etienneb","SOC-INTRA"
"etienneb","SOC-MSG"
"etienneb","SOC-VPN"
"etienneb","TARIF-CONSULT"
"etienneb","TARIF-REMISE"
"etienned","CRM-LEC"
"etienned","CRM-SAISIE"
"etienned","CRM-SEGMENT"
"etienned","DEVIS-CREA"
"etienned","FCT-CONGES"
"etienned","FCT-FORM"
"etienned","FCT-NDF"
"etienned","FCT-ORG"
"etienned","SITE-BADGE-PAR"
"etienned","SITE-IMP-PAR"
"etienned","SITE-WIFI-PAR"
"etienned","SOC-DOC"
"etienned","SOC-INTRA"
"etienned","SOC-MSG"
"etienned","TARIF-CONSULT"
"etienned","TARIF-REMISE"
"etienneg","DOC-PROJET"
"etienneg","FCT-CONGES"
"etienneg","FCT-ENTRETIEN"
"etienneg","FCT-FORM"
"etienneg","FCT-NDF"
"etienneg","FCT-NDF-VALID"
"etienneg","FCT-ORG"
"etienneg","FCT-TEMPS"
"etienneg","PM-BUDGET"
"etienneg","PM-OUTIL"
"etienneg","RISQUE-REG"
"etienneg","SITE-BADGE-PAR"
"etienneg","SITE-IMP-PAR"
"etienneg","SITE-WIFI-PAR"
"etienneg","SOC-DOC"
"etienneg","SOC-INTRA"
"etienneg","SOC-MSG"
"etienneg","SOC-VPN"
"etiennel","CRM-LEC"
"etiennel","CRM-SAISIE"
"etiennel","DEVIS-CREA"
"etiennel","FCT-CONGES"
"etiennel","FCT-ENTRETIEN"
"etiennel","FCT-FORM"
"etiennel","FCT-NDF"
"etiennel","FCT-NDF-VALID"
"etiennel","FCT-ORG"
"etiennel","PROSPECT-BASE"
"etiennel","SITE-BADGE-MTZ"
"etiennel","SITE-IMP-MTZ"
"etiennel","SITE-WIFI-MTZ"
"etiennel","SOC-DOC"
"etiennel","SOC-INTRA"
"etiennel","SOC-MSG"
"etiennel","SOC-VPN"
"etiennel","TARIF-CONSULT"
"etiennel","TARIF-REMISE"
"etiennep","DOC-PROJET"
"etiennep","FCT-NDF"
"etiennep","FCT-TEMPS"
"etiennep","PM-OUTIL"
"etiennep","SITE-BADGE-PAR"
"etiennep","SITE-IMP-PAR"
"etiennep","SITE-WIFI-PAR"
"etiennep","SOC-DOC"
"etiennep","SOC-INTRA"
"etiennep","SOC-MSG"
"etiennep","SOC-VPN"
"fabienb","CMS-REDAC"
"fabienb","DOC-PROJET"
"fabienb","FCT-CONGES"
"fabienb","FCT-FORM"
"fabienb","FCT-NDF"
"fabienb","FCT-ORG"
"fabienb","FCT-TEMPS"
"fabienb","MEDIATHEQUE"
"fabienb","SITE-BADGE-LYO"
"fabienb","SITE-IMP-LYO"
"fabienb","SITE-WIFI-LYO"
"fabienb","SOC-DOC"
"fabienb","SOC-INTRA"
"fabienb","SOC-MSG"
"fabienb","SOC-VPN"
"fabienc","DOC-METHODO"
"fabienc","FCT-CONGES"
"fabienc","FCT-FORM"
"fabienc","FCT-NDF"
"fabienc","FCT-ORG"
"fabienc","FCT-TEMPS"
"fabienc","LIVRABLE-CLI"
"fabienc","MISSION-PORT"
"fabienc","SITE-BADGE-MTZ"
"fabienc","SITE-IMP-MTZ"
"fabienc","SITE-WIFI-MTZ"
"fabienc","SOC-DOC"
"fabienc","SOC-INTRA"
"fabienc","SOC-MSG"
"fabienc","SOC-VPN"
"fabieng","DOC-PROJET"
"fabieng","FCT-NDF"
"fabieng","FCT-TEMPS"
"fabieng","PM-OUTIL"
"fabieng","SITE-BADGE-PAR"
"fabieng","SITE-IMP-PAR"
"fabieng","SITE-WIFI-PAR"
"fabieng","SOC-DOC"
"fabieng","SOC-INTRA"
"fabieng","SOC-MSG"
"fabieng","SOC-VPN"
"fabienm","CRM-LEC"
"fabienm","CRM-PILOT"
"fabienm","DEVIS-VALID"
"fabienm","FCT-CONGES"
"fabienm","FCT-FORM"
"fabienm","FCT-NDF"
"fabienm","FCT-ORG"
"fabienm","MARGE-CONSULT"
"fabienm","SITE-BADGE-LYO"
"fabienm","SITE-IMP-LYO"
"fabienm","SITE-WIFI-LYO"
"fabienm","SOC-DOC"
"fabienm","SOC-INTRA"
"fabienm","SOC-MSG"
"fabienm","SOC-VPN"
"fabienr","CAMPAGNE"
"fabienr","FCT-CONGES"
"fabienr","FCT-FORM"
"fabienr","FCT-NDF"
"fabienr","FCT-ORG"
"fabienr","MARQUE-CHARTE"
"fabienr","MEDIA-PLAN"
"fabienr","MEDIATHEQUE"
"fabienr","RESEAUX-SOC"
"fabienr","SITE-BADGE-PAR"
"fabienr","SITE-IMP-PAR"
"fabienr","SITE-WIFI-PAR"
"fabienr","SOC-DOC"
"fabienr","SOC-INTRA"
"fabienr","SOC-MSG"
"fabienr","SOC-VPN"
"floriano","DOC-PROJET"
"floriano","FCT-CONGES"
"floriano","FCT-ENTRETIEN"
"floriano","FCT-FORM"
"floriano","FCT-NDF"
"floriano","FCT-NDF-VALID"
"floriano","FCT-ORG"
"floriano","FCT-TEMPS"
"floriano","PM-BUDGET"
"floriano","PM-OUTIL"
"floriano","RISQUE-REG"
"floriano","SITE-BADGE-MTZ"
"floriano","SITE-IMP-MTZ"
"floriano","SITE-WIFI-MTZ"
"floriano","SOC-DOC"
"floriano","SOC-INTRA"
"floriano","SOC-MSG"
"floriano","SOC-VPN"
"florians","BADGE-ATELIER"
"florians","EPI-DOTATION"
"florians","FCT-CONGES"
"florians","FCT-FORM"
"florians","FCT-ORG"
"florians","GMAO"
"florians","PLM-PLANS"
"florians","SITE-BADGE-MTZ"
"florians","SITE-IMP-MTZ"
"florians","SITE-WIFI-MTZ"
"florians","SOC-DOC"
"florians","SOC-INTRA"
"florians","SOC-MSG"
"florians","SOC-VPN"
"florians","SUPERVISION"
"floriant","BI-CODIR"
"floriant","DIR-TABLEAU"
"floriant","FCT-CONGES"
"floriant","FCT-ENTRETIEN"
"floriant","FCT-FORM"
"floriant","FCT-NDF"
"floriant","FCT-NDF-VALID"
"floriant","FCT-ORG"
"floriant","JURIDIQUE-CTR"
"floriant","MARGE-CONSULT"
"floriant","SITE-BADGE-PAR"
"floriant","SITE-IMP-PAR"
"floriant","SITE-WIFI-PAR"
"floriant","SOC-DOC"
"floriant","SOC-INTRA"
"floriant","SOC-MSG"
"floriant","SOC-VPN"
"gregoryb","CAMPAGNE"
"gregoryb","FCT-CONGES"
"gregoryb","FCT-FORM"
"gregoryb","FCT-NDF"
"gregoryb","FCT-ORG"
"gregoryb","MARQUE-CHARTE"
"gregoryb","MEDIATHEQUE"
"gregoryb","SITE-BADGE-PAR"
"gregoryb","SITE-IMP-PAR"
"gregoryb","SITE-WIFI-PAR"
"gregoryb","SOC-DOC"
"gregoryb","SOC-INTRA"
"gregoryb","SOC-MSG"
"gregoryb","SOC-VPN"
"gregoryc","CMS-PUBLI"
"gregoryc","CMS-REDAC"
"gregoryc","DOC-PROJET"
"gregoryc","FCT-CONGES"
"gregoryc","FCT-FORM"
"gregoryc","FCT-NDF"
"gregoryc","FCT-NDF-VALID"
"gregoryc","FCT-ORG"
"gregoryc","FCT-TEMPS"
"gregoryc","MEDIATHEQUE"
"gregoryc","PAO"
"gregoryc","SITE-BADGE-LYO"
"gregoryc","SITE-IMP-LYO"
"gregoryc","SITE-WIFI-LYO"
"gregoryc","SOC-DOC"
"gregoryc","SOC-INTRA"
"gregoryc","SOC-MSG"
"gregoryc","SOC-VPN"
"gregoryf","DOC-PROJET"
"gregoryf","FCT-NDF"
"gregoryf","FCT-TEMPS"
"gregoryf","PM-OUTIL"
"gregoryf","SITE-BADGE-PAR"
"gregoryf","SITE-IMP-PAR"
"gregoryf","SITE-WIFI-PAR"
"gregoryf","SOC-DOC"
"gregoryf","SOC-INTRA"
"gregoryf","SOC-MSG"
"gregoryf","SOC-VPN"
"gregoryg","DOC-METHODO"
"gregoryg","FCT-CONGES"
"gregoryg","FCT-FORM"
"gregoryg","FCT-NDF"
"gregoryg","FCT-ORG"
"gregoryg","FCT-TEMPS"
"gregoryg","LIVRABLE-CLI"
"gregoryg","MISSION-PORT"
"gregoryg","SITE-BADGE-PAR"
"gregoryg","SITE-IMP-PAR"
"gregoryg","SITE-WIFI-PAR"
"gregoryg","SOC-DOC"
"gregoryg","SOC-INTRA"
"gregoryg","SOC-MSG"
"gregoryg","SOC-VPN"
"gregorym","CONTRAT-MOD"
"gregorym","CRM-LEC"
"gregorym","CRM-PILOT"
"gregorym","DEVIS-VALID"
"gregorym","FCT-CONGES"
"gregorym","FCT-FORM"
"gregorym","FCT-NDF"
"gregorym","FCT-ORG"
"gregorym","MARGE-CONSULT"
"gregorym","SITE-BADGE-LYO"
"gregorym","SITE-IMP-LYO"
"gregorym","SITE-WIFI-LYO"
"gregorym","SOC-DOC"
"gregorym","SOC-INTRA"
"gregorym","SOC-MSG"
"gregorym","SOC-VPN"
"guillaumeb","DOC-METHODO"
"guillaumeb","FCT-CONGES"
"guillaumeb","FCT-FORM"
"guillaumeb","FCT-NDF"
"guillaumeb","FCT-ORG"
"guillaumeb","FCT-TEMPS"
"guillaumeb","MISSION-PORT"
"guillaumeb","SITE-BADGE-PAR"
"guillaumeb","SITE-IMP-PAR"
"guillaumeb","SITE-WIFI-PAR"
"guillaumeb","SOC-DOC"
"guillaumeb","SOC-INTRA"
"guillaumeb","SOC-MSG"
"guillaumeb","SOC-VPN"
"guillaumed","BI-CODIR"
"guillaumed","DIR-TABLEAU"
"guillaumed","FCT-CONGES"
"guillaumed","FCT-ENTRETIEN"
"guillaumed","FCT-FORM"
"guillaumed","FCT-NDF"
"guillaumed","FCT-NDF-VALID"
"guillaumed","FCT-ORG"
"guillaumed","JURIDIQUE-CTR"
"guillaumed","MARGE-CONSULT"
"guillaumed","SITE-BADGE-PAR"
"guillaumed","SITE-IMP-PAR"
"guillaumed","SITE-WIFI-PAR"
"guillaumed","SOC-DOC"
"guillaumed","SOC-INTRA"
"guillaumed","SOC-MSG"
"guillaumed","SOC-VPN"
"guillaumef","CRM-LEC"
"guillaumef","CRM-PILOT"
"guillaumef","DEVIS-VALID"
"guillaumef","FCT-CONGES"
"guillaumef","FCT-ENTRETIEN"
"guillaumef","FCT-FORM"
"guillaumef","FCT-NDF"
"guillaumef","FCT-NDF-VALID"
"guillaumef","FCT-ORG"
"guillaumef","MARGE-CONSULT"
"guillaumef","SITE-BADGE-PAR"
"guillaumef","SITE-IMP-PAR"
"guillaumef","SITE-WIFI-PAR"
"guillaumef","SOC-DOC"
"guillaumef","SOC-INTRA"
"guillaumef","SOC-MSG"
"guillaumef","SOC-VPN"
"helenef","DOC-METHODO"
"helenef","FCT-CONGES"
"helenef","FCT-FORM"
"helenef","FCT-NDF"
"helenef","FCT-ORG"
"helenef","FCT-TEMPS"
"helenef","LIVRABLE-CLI"
"helenef","MISSION-PORT"
"helenef","SITE-BADGE-MTZ"
"helenef","SITE-IMP-MTZ"
"helenef","SITE-WIFI-MTZ"
"helenef","SOC-DOC"
"helenef","SOC-INTRA"
"helenef","SOC-MSG"
"helenef","SOC-VPN"
"helenep","CRM-LEC"
"helenep","CRM-SEGMENT"
"helenep","FCT-CONGES"
"helenep","FCT-FORM"
"helenep","FCT-NDF"
"helenep","SITE-BADGE-PAR"
"helenep","SITE-IMP-PAR"
"helenep","SITE-WIFI-PAR"
"helenep","SOC-DOC"
"helenep","SOC-INTRA"
"helenep","SOC-MSG"
"helenep","SOC-VPN"
"helenet","BADGE-ATELIER"
"helenet","EPI-DOTATION"
"helenet","FCT-CONGES"
"helenet","FCT-FORM"
"helenet","FCT-ORG"
"helenet","GMAO"
"helenet","SITE-BADGE-MTZ"
"helenet","SITE-WIFI-MTZ"
"helenet","SOC-DOC"
"helenet","SOC-INTRA"
"helenet","SOC-MSG"
"helenet","SOC-VPN"
"helenet","SUPERVISION"
"hugob","DOC-METHODO"
"hugob","FCT-CONGES"
"hugob","FCT-ENTRETIEN"
"hugob","FCT-FORM"
"hugob","FCT-NDF"
"hugob","FCT-NDF-VALID"
"hugob","FCT-ORG"
"hugob","FCT-TEMPS"
"hugob","LIVRABLE-CLI"
"hugob","MISSION-PORT"
"hugob","SITE-BADGE-PAR"
"hugob","SITE-IMP-PAR"
"hugob","SITE-WIFI-PAR"
"hugob","SOC-DOC"
"hugob","SOC-INTRA"
"hugob","SOC-MSG"
"hugob","SOC-VPN"
"hugoc","DOC-PROJET"
"hugoc","FCT-CONGES"
"hugoc","FCT-ENTRETIEN"
"hugoc","FCT-FORM"
"hugoc","FCT-NDF"
"hugoc","FCT-NDF-VALID"
"hugoc","FCT-ORG"
"hugoc","FCT-TEMPS"
"hugoc","PM-BUDGET"
"hugoc","PM-OUTIL"
"hugoc","RISQUE-REG"
"hugoc","SITE-BADGE-LYO"
"hugoc","SITE-IMP-LYO"
"hugoc","SITE-WIFI-LYO"
"hugoc","SOC-DOC"
"hugoc","SOC-INTRA"
"hugoc","SOC-MSG"
"hugoc","SOC-VPN"
"hugod","ACHAT-DEM"
"hugod","ERP-LEC"
"hugod","FCT-CONGES"
"hugod","FCT-ENTRETIEN"
"hugod","FCT-FORM"
"hugod","FCT-NDF"
"hugod","FCT-NDF-VALID"
"hugod","FCT-ORG"
"hugod","FOURN-PORTAIL"
"hugod","LOGISTIQUE"
"hugod","SITE-BADGE-LYO"
"hugod","SITE-IMP-LYO"
"hugod","SITE-WIFI-LYO"
"hugod","SOC-DOC"
"hugod","SOC-INTRA"
"hugod","SOC-MSG"
"hugod","SOC-VPN"
"hugod","STOCK"
"hugom","DOC-METHODO"
"hugom","FCT-CONGES"
"hugom","FCT-FORM"
"hugom","FCT-NDF"
"hugom","FCT-ORG"
"hugom","FCT-TEMPS"
"hugom","LIVRABLE-CLI"
"hugom","MISSION-PORT"
"hugom","SITE-BADGE-PAR"
"hugom","SITE-IMP-PAR"
"hugom","SITE-WIFI-PAR"
"hugom","SOC-DOC"
"hugom","SOC-INTRA"
"hugom","SOC-MSG"
"hugom","SOC-VPN"
"hugov","BADGE-ATELIER"
"hugov","EPI-DOTATION"
"hugov","FCT-CONGES"
"hugov","FCT-FORM"
"hugov","FCT-ORG"
"hugov","GMAO"
"hugov","PLM-PLANS"
"hugov","PLM-VALID"
"hugov","SITE-BADGE-MTZ"
"hugov","SITE-IMP-MTZ"
"hugov","SITE-WIFI-MTZ"
"hugov","SOC-DOC"
"hugov","SOC-INTRA"
"hugov","SOC-MSG"
"hugov","SOC-VPN"
"hugov","SUPERVISION"
"isabelleb","BADGE-ATELIER"
"isabelleb","EPI-DOTATION"
"isabelleb","FCT-CONGES"
"isabelleb","FCT-FORM"
"isabelleb","FCT-ORG"
"isabelleb","GMAO"
"isabelleb","PLM-PLANS"
"isabelleb","PLM-VALID"
"isabelleb","SITE-BADGE-MTZ"
"isabelleb","SITE-IMP-MTZ"
"isabelleb","SITE-WIFI-MTZ"
"isabelleb","SOC-DOC"
"isabelleb","SOC-INTRA"
"isabelleb","SOC-MSG"
"isabelleb","SOC-VPN"
"isabelleb","SUPERVISION"
"isabelled","BADGE-ATELIER"
"isabelled","EPI-DOTATION"
"isabelled","FCT-CONGES"
"isabelled","FCT-FORM"
"isabelled","FCT-ORG"
"isabelled","GMAO"
"isabelled","PLM-PLANS"
"isabelled","SITE-BADGE-MTZ"
"isabelled","SITE-IMP-MTZ"
"isabelled","SITE-WIFI-MTZ"
"isabelled","SOC-DOC"
"isabelled","SOC-INTRA"
"isabelled","SOC-MSG"
"isabelled","SOC-VPN"
"isabelled","SUPERVISION"
"isabellel","CRM-LEC"
"isabellel","CRM-SAISIE"
"isabellel","CRM-SEGMENT"
"isabellel","DEVIS-CREA"
"isabellel","FCT-CONGES"
"isabellel","FCT-FORM"
"isabellel","FCT-NDF"
"isabellel","FCT-ORG"
"isabellel","PROSPECT-BASE"
"isabellel","SITE-BADGE-PAR"
"isabellel","SITE-IMP-PAR"
"isabellel","SITE-WIFI-PAR"
"isabellel","SOC-DOC"
"isabellel","SOC-INTRA"
"isabellel","SOC-MSG"
"isabellel","SOC-VPN"
"isabellel","TARIF-CONSULT"
"isabellel","TARIF-REMISE"
"isabellev","DOC-PROJET"
"isabellev","FCT-CONGES"
"isabellev","FCT-ENTRETIEN"
"isabellev","FCT-FORM"
"isabellev","FCT-NDF"
"isabellev","FCT-NDF-VALID"
"isabellev","FCT-TEMPS"
"isabellev","PM-BUDGET"
"isabellev","PM-OUTIL"
"isabellev","RISQUE-REG"
"isabellev","SITE-BADGE-LYO"
"isabellev","SITE-IMP-LYO"
"isabellev","SITE-WIFI-LYO"
"isabellev","SOC-DOC"
"isabellev","SOC-INTRA"
"isabellev","SOC-MSG"
"isabellev","SOC-VPN"
"jeromeh","CRM-LEC"
"jeromeh","CRM-SAISIE"
"jeromeh","DEVIS-CREA"
"jeromeh","FCT-CONGES"
"jeromeh","FCT-FORM"
"jeromeh","FCT-NDF"
"jeromeh","FCT-ORG"
"jeromeh","PROSPECT-BASE"
"jeromeh","SITE-BADGE-LYO"
"jeromeh","SITE-IMP-LYO"
"jeromeh","SITE-WIFI-LYO"
"jeromeh","SOC-DOC"
"jeromeh","SOC-INTRA"
"jeromeh","SOC-MSG"
"jeromeh","SOC-VPN"
"jeromeh","TARIF-CONSULT"
"jeromeh","TARIF-REMISE"
"jeromem","BI-CODIR"
"jeromem","DIR-TABLEAU"
"jeromem","FCT-CONGES"
"jeromem","FCT-ENTRETIEN"
"jeromem","FCT-FORM"
"jeromem","FCT-NDF"
"jeromem","FCT-NDF-VALID"
"jeromem","FCT-ORG"
"jeromem","MARGE-CONSULT"
"jeromem","SITE-BADGE-PAR"
"jeromem","SITE-IMP-PAR"
"jeromem","SITE-WIFI-PAR"
"jeromem","SOC-DOC"
"jeromem","SOC-INTRA"
"jeromem","SOC-MSG"
"jeromem","SOC-VPN"
"jeromep","COMPTA-SAISIE"
"jeromep","ERP-LEC"
"jeromep","FACTURE-FOURN"
"jeromep","FCT-CONGES"
"jeromep","FCT-FORM"
"jeromep","FCT-ORG"
"jeromep","SITE-BADGE-PAR"
"jeromep","SITE-IMP-PAR"
"jeromep","SITE-WIFI-PAR"
"jeromep","SOC-DOC"
"jeromep","SOC-INTRA"
"jeromep","SOC-MSG"
"jeromep","SOC-VPN"
"jeromep","TRESORERIE"
"jeromer","CRM-LEC"
"jeromer","CRM-SAISIE"
"jeromer","CRM-SEGMENT"
"jeromer","DEVIS-CREA"
"jeromer","FCT-CONGES"
"jeromer","FCT-FORM"
"jeromer","FCT-NDF"
"jeromer","FCT-ORG"
"jeromer","PROSPECT-BASE"
"jeromer","SITE-BADGE-PAR"
"jeromer","SITE-IMP-PAR"
"jeromer","SITE-WIFI-PAR"
"jeromer","SOC-DOC"
"jeromer","SOC-INTRA"
"jeromer","SOC-MSG"
"jeromer","SOC-VPN"
"jeromer","TARIF-CONSULT"
"jeromes","DOC-METHODO"
"jeromes","FCT-CONGES"
"jeromes","FCT-FORM"
"jeromes","FCT-NDF"
"jeromes","FCT-ORG"
"jeromes","FCT-TEMPS"
"jeromes","LIVRABLE-CLI"
"jeromes","MISSION-PORT"
"jeromes","SITE-BADGE-PAR"
"jeromes","SITE-IMP-PAR"
"jeromes","SITE-WIFI-PAR"
"jeromes","SOC-DOC"
"jeromes","SOC-INTRA"
"jeromes","SOC-MSG"
"jeromes","SOC-VPN"
"jeromev","DOC-PROJET"
"jeromev","FCT-NDF"
"jeromev","FCT-TEMPS"
"jeromev","PM-OUTIL"
"jeromev","SITE-BADGE-PAR"
"jeromev","SITE-IMP-PAR"
"jeromev","SITE-WIFI-PAR"
"jeromev","SOC-DOC"
"jeromev","SOC-INTRA"
"jeromev","SOC-MSG"
"jeromev","SOC-VPN"
"julienb","DOC-METHODO"
"julienb","FCT-CONGES"
"julienb","FCT-FORM"
"julienb","FCT-NDF"
"julienb","FCT-ORG"
"julienb","FCT-TEMPS"
"julienb","LIVRABLE-CLI"
"julienb","MISSION-PORT"
"julienb","SITE-BADGE-PAR"
"julienb","SITE-IMP-PAR"
"julienb","SITE-WIFI-PAR"
"julienb","SOC-DOC"
"julienb","SOC-INTRA"
"julienb","SOC-MSG"
"julienb","SOC-VPN"
"juliend","DOC-PROJET"
"juliend","FCT-NDF"
"juliend","FCT-TEMPS"
"juliend","PM-OUTIL"
"juliend","SITE-BADGE-PAR"
"juliend","SITE-IMP-PAR"
"juliend","SITE-WIFI-PAR"
"juliend","SOC-DOC"
"juliend","SOC-INTRA"
"juliend","SOC-MSG"
"juliend","SOC-VPN"
"julienp","CRM-LEC"
"julienp","CRM-PILOT"
"julienp","DEVIS-VALID"
"julienp","FCT-CONGES"
"julienp","FCT-FORM"
"julienp","FCT-NDF"
"julienp","FCT-ORG"
"julienp","MARGE-CONSULT"
"julienp","SITE-BADGE-PAR"
"julienp","SITE-IMP-PAR"
"julienp","SITE-WIFI-PAR"
"julienp","SOC-DOC"
"julienp","SOC-INTRA"
"julienp","SOC-MSG"
"julienp","SOC-VPN"
"julienv","CRM-LEC"
"julienv","CRM-SAISIE"
"julienv","CRM-SEGMENT"
"julienv","DEVIS-CREA"
"julienv","FCT-CONGES"
"julienv","FCT-FORM"
"julienv","FCT-NDF"
"julienv","FCT-ORG"
"julienv","PROSPECT-BASE"
"julienv","SITE-BADGE-PAR"
"julienv","SITE-IMP-PAR"
"julienv","SITE-WIFI-PAR"
"julienv","SOC-DOC"
"julienv","SOC-INTRA"
"julienv","SOC-MSG"
"julienv","SOC-VPN"
"julienv","TARIF-CONSULT"
"julienv","TARIF-REMISE"
"justineg","CRM-LEC"
"justineg","CRM-SAISIE"
"justineg","CRM-SEGMENT"
"justineg","DEVIS-CREA"
"justineg","FCT-CONGES"
"justineg","FCT-FORM"
"justineg","FCT-NDF"
"justineg","FCT-ORG"
"justineg","PROSPECT-BASE"
"justineg","SITE-BADGE-PAR"
"justineg","SITE-IMP-PAR"
"justineg","SITE-WIFI-PAR"
"justineg","SOC-DOC"
"justineg","SOC-INTRA"
"justineg","SOC-MSG"
"justineg","SOC-VPN"
"justineg","TARIF-CONSULT"
"justinem","ACHAT-DEM"
"justinem","ERP-LEC"
"justinem","FCT-CONGES"
"justinem","FCT-ENTRETIEN"
"justinem","FCT-FORM"
"justinem","FCT-NDF"
"justinem","FCT-NDF-VALID"
"justinem","FCT-ORG"
"justinem","FOURN-PORTAIL"
"justinem","LOGISTIQUE"
"justinem","SITE-BADGE-MTZ"
"justinem","SITE-IMP-MTZ"
"justinem","SITE-WIFI-MTZ"
"justinem","SOC-DOC"
"justinem","SOC-INTRA"
"justinem","SOC-MSG"
"justinem","SOC-VPN"
"justinem","STOCK"
"laetitiaj","CMS-REDAC"
"laetitiaj","COMPTA-SAISIE"
"laetitiaj","DOC-PROJET"
"laetitiaj","FCT-CONGES"
"laetitiaj","FCT-FORM"
"laetitiaj","FCT-NDF"
"laetitiaj","FCT-ORG"
"laetitiaj","FCT-TEMPS"
"laetitiaj","MEDIATHEQUE"
"laetitiaj","PAO"
"laetitiaj","SITE-BADGE-LYO"
"laetitiaj","SITE-IMP-LYO"
"laetitiaj","SITE-WIFI-LYO"
"laetitiaj","SOC-DOC"
"laetitiaj","SOC-INTRA"
"laetitiaj","SOC-MSG"
"laetitiaj","SOC-VPN"
"laetitiam","CRM-LEC"
"laetitiam","DOC-PROJET"
"laetitiam","FCT-CONGES"
"laetitiam","FCT-ENTRETIEN"
"laetitiam","FCT-FORM"
"laetitiam","FCT-NDF"
"laetitiam","FCT-NDF-VALID"
"laetitiam","FCT-ORG"
"laetitiam","FCT-TEMPS"
"laetitiam","PM-BUDGET"
"laetitiam","PM-OUTIL"
"laetitiam","SITE-BADGE-PAR"
"laetitiam","SITE-IMP-PAR"
"laetitiam","SITE-WIFI-PAR"
"laetitiam","SOC-DOC"
"laetitiam","SOC-INTRA"
"laetitiam","SOC-MSG"
"laetitiam","SOC-VPN"
"laurentb","ACHAT-DEM"
"laurentb","ERP-LEC"
"laurentb","FCT-CONGES"
"laurentb","FCT-ENTRETIEN"
"laurentb","FCT-NDF"
"laurentb","FCT-NDF-VALID"
"laurentb","FCT-ORG"
"laurentb","FOURN-PORTAIL"
"laurentb","SITE-BADGE-PAR"
"laurentb","SITE-IMP-PAR"
"laurentb","SITE-WIFI-PAR"
"laurentb","SOC-DOC"
"laurentb","SOC-INTRA"
"laurentb","SOC-MSG"
"laurentb","SOC-VPN"
"laurentc","CRM-LEC"
"laurentc","CRM-SAISIE"
"laurentc","CRM-SEGMENT"
"laurentc","DEVIS-CREA"
"laurentc","FCT-CONGES"
"laurentc","FCT-ENTRETIEN"
"laurentc","FCT-FORM"
"laurentc","FCT-NDF"
"laurentc","FCT-NDF-VALID"
"laurentc","FCT-ORG"
"laurentc","SITE-BADGE-PAR"
"laurentc","SITE-IMP-PAR"
"laurentc","SITE-WIFI-PAR"
"laurentc","SOC-DOC"
"laurentc","SOC-INTRA"
"laurentc","SOC-MSG"
"laurentc","SOC-VPN"
"laurentc","TARIF-CONSULT"
"laurentm","DOC-METHODO"
"laurentm","FCT-CONGES"
"laurentm","FCT-NDF"
"laurentm","FCT-ORG"
"laurentm","FCT-TEMPS"
"laurentm","LIVRABLE-CLI"
"laurentm","MISSION-PORT"
"laurentm","SITE-BADGE-LYO"
"laurentm","SITE-IMP-LYO"
"laurentm","SITE-WIFI-LYO"
"laurentm","SOC-DOC"
"laurentm","SOC-INTRA"
"laurentm","SOC-MSG"
"laurentm","SOC-VPN"
"lucied","CRM-LEC"
"lucied","CRM-SAISIE"
"lucied","CRM-SEGMENT"
"lucied","DEVIS-CREA"
"lucied","FCT-CONGES"
"lucied","FCT-FORM"
"lucied","FCT-NDF"
"lucied","FCT-ORG"
"lucied","SITE-BADGE-PAR"
"lucied","SITE-IMP-PAR"
"lucied","SITE-WIFI-PAR"
"lucied","SOC-DOC"
"lucied","SOC-INTRA"
"lucied","SOC-MSG"
"lucied","SOC-VPN"
"lucied","TARIF-CONSULT"
"lucief","DOC-PROJET"
"lucief","FCT-CONGES"
"lucief","FCT-ENTRETIEN"
"lucief","FCT-NDF"
"lucief","FCT-NDF-VALID"
"lucief","FCT-ORG"
"lucief","FCT-TEMPS"
"lucief","PM-BUDGET"
"lucief","PM-OUTIL"
"lucief","RISQUE-REG"
"lucief","SITE-BADGE-LYO"
"lucief","SITE-IMP-LYO"
"lucief","SITE-WIFI-LYO"
"lucief","SOC-DOC"
"lucief","SOC-INTRA"
"lucief","SOC-MSG"
"lucief","SOC-VPN"
"luciel","CRM-LEC"
"luciel","CRM-SAISIE"
"luciel","DEVIS-CREA"
"luciel","FCT-CONGES"
"luciel","FCT-FORM"
"luciel","FCT-NDF"
"luciel","FCT-ORG"
"luciel","PROSPECT-BASE"
"luciel","SITE-BADGE-MTZ"
"luciel","SITE-IMP-MTZ"
"luciel","SITE-WIFI-MTZ"
"luciel","SOC-DOC"
"luciel","SOC-INTRA"
"luciel","SOC-MSG"
"luciel","TARIF-CONSULT"
"luciem","CRM-LEC"
"luciem","CRM-PILOT"
"luciem","DEVIS-VALID"
"luciem","FCT-CONGES"
"luciem","FCT-ENTRETIEN"
"luciem","FCT-FORM"
"luciem","FCT-NDF"
"luciem","FCT-NDF-VALID"
"luciem","SITE-BADGE-PAR"
"luciem","SITE-IMP-PAR"
"luciem","SITE-WIFI-PAR"
"luciem","SOC-DOC"
"luciem","SOC-INTRA"
"luciem","SOC-MSG"
"luciem","SOC-VPN"
"lucien","DOC-METHODO"
"lucien","DOC-PROJET"
"lucien","FCT-NDF"
"lucien","FCT-TEMPS"
"lucien","LIVRABLE-CLI"
"lucien","MISSION-PORT"
"lucien","SITE-BADGE-LYO"
"lucien","SITE-IMP-LYO"
"lucien","SITE-WIFI-LYO"
"lucien","SOC-DOC"
"lucien","SOC-INTRA"
"lucien","SOC-MSG"
"lucien","SOC-VPN"
"ludovicb","BADGE-ATELIER"
"ludovicb","EPI-DOTATION"
"ludovicb","FCT-CONGES"
"ludovicb","FCT-FORM"
"ludovicb","FCT-ORG"
"ludovicb","GMAO"
"ludovicb","PLM-PLANS"
"ludovicb","SITE-BADGE-MTZ"
"ludovicb","SITE-IMP-MTZ"
"ludovicb","SITE-WIFI-MTZ"
"ludovicb","SOC-DOC"
"ludovicb","SOC-INTRA"
"ludovicb","SOC-MSG"
"ludovicb","SOC-VPN"
"ludovicb","SUPERVISION"
"ludovicd","COMPTA-SAISIE"
"ludovicd","ERP-LEC"
"ludovicd","FACTURE-FOURN"
"ludovicd","FCT-CONGES"
"ludovicd","FCT-FORM"
"ludovicd","FCT-ORG"
"ludovicd","OBS-CRM1"
"ludovicd","SITE-BADGE-PAR"
"ludovicd","SITE-IMP-PAR"
"ludovicd","SITE-WIFI-PAR"
"ludovicd","SOC-DOC"
"ludovicd","SOC-INTRA"
"ludovicd","SOC-MSG"
"ludovicd","SOC-VPN"
"ludovicd","TRESORERIE"
"ludovicg","DOC-PROJET"
"ludovicg","FCT-NDF"
"ludovicg","FCT-TEMPS"
"ludovicg","PM-OUTIL"
"ludovicg","SITE-BADGE-PAR"
"ludovicg","SITE-IMP-PAR"
"ludovicg","SITE-WIFI-PAR"
"ludovicg","SOC-DOC"
"ludovicg","SOC-INTRA"
"ludovicg","SOC-MSG"
"ludovicg","SOC-VPN"
"ludovich","DOC-METHODO"
"ludovich","FCT-CONGES"
"ludovich","FCT-ENTRETIEN"
"ludovich","FCT-FORM"
"ludovich","FCT-NDF"
"ludovich","FCT-NDF-VALID"
"ludovich","FCT-ORG"
"ludovich","FCT-TEMPS"
"ludovich","LIVRABLE-CLI"
"ludovich","MISSION-PORT"
"ludovich","SITE-BADGE-MTZ"
"ludovich","SITE-IMP-MTZ"
"ludovich","SITE-WIFI-MTZ"
"ludovich","SOC-DOC"
"ludovich","SOC-INTRA"
"ludovich","SOC-MSG"
"ludovich","SOC-VPN"
"ludovicm","ACHAT-DEM"
"ludovicm","ERP-LEC"
"ludovicm","FCT-CONGES"
"ludovicm","FCT-ENTRETIEN"
"ludovicm","FCT-FORM"
"ludovicm","FCT-NDF"
"ludovicm","FCT-NDF-VALID"
"ludovicm","FCT-ORG"
"ludovicm","FOURN-PORTAIL"
"ludovicm","LOGISTIQUE"
"ludovicm","SITE-BADGE-LYO"
"ludovicm","SITE-IMP-LYO"
"ludovicm","SITE-WIFI-LYO"
"ludovicm","SOC-DOC"
"ludovicm","SOC-INTRA"
"ludovicm","SOC-MSG"
"ludovicm","SOC-VPN"
"ludovicm","STOCK"
"ludovict","DOC-PROJET"
"ludovict","FCT-NDF"
"ludovict","FCT-TEMPS"
"ludovict","PM-OUTIL"
"ludovict","SITE-BADGE-PAR"
"ludovict","SITE-IMP-PAR"
"ludovict","SITE-WIFI-PAR"
"ludovict","SOC-DOC"
"ludovict","SOC-INTRA"
"ludovict","SOC-MSG"
"ludovict","SOC-VPN"
"ludovicv","CAMPAGNE"
"ludovicv","FCT-CONGES"
"ludovicv","FCT-FORM"
"ludovicv","FCT-NDF"
"ludovicv","FCT-ORG"
"ludovicv","MARQUE-CHARTE"
"ludovicv","MEDIA-PLAN"
"ludovicv","MEDIATHEQUE"
"ludovicv","SITE-BADGE-PAR"
"ludovicv","SITE-IMP-PAR"
"ludovicv","SITE-WIFI-PAR"
"ludovicv","SOC-DOC"
"ludovicv","SOC-INTRA"
"ludovicv","SOC-MSG"
"ludovicv","SOC-VPN"
"manonb","CMS-PUBLI"
"manonb","CMS-REDAC"
"manonb","DOC-PROJET"
"manonb","FCT-CONGES"
"manonb","FCT-FORM"
"manonb","FCT-NDF"
"manonb","FCT-ORG"
"manonb","FCT-TEMPS"
"manonb","MEDIATHEQUE"
"manonb","SITE-BADGE-LYO"
"manonb","SITE-WIFI-LYO"
"manonb","SOC-DOC"
"manonb","SOC-INTRA"
"manonb","SOC-MSG"
"manonb","SOC-VPN"
"manonl","CMS-PUBLI"
"manonl","DOC-METHODO"
"manonl","FCT-CONGES"
"manonl","FCT-FORM"
"manonl","FCT-NDF"
"manonl","FCT-ORG"
"manonl","FCT-TEMPS"
"manonl","LIVRABLE-CLI"
"manonl","MISSION-PORT"
"manonl","SITE-BADGE-LYO"
"manonl","SITE-IMP-LYO"
"manonl","SITE-WIFI-LYO"
"manonl","SOC-DOC"
"manonl","SOC-INTRA"
"manonl","SOC-MSG"
"manonl","SOC-VPN"
"manonm","CMS-PUBLI"
"manonm","CMS-REDAC"
"manonm","DOC-PROJET"
"manonm","FCT-CONGES"
"manonm","FCT-FORM"
"manonm","FCT-NDF"
"manonm","FCT-ORG"
"manonm","FCT-TEMPS"
"manonm","MEDIATHEQUE"
"manonm","SITE-BADGE-LYO"
"manonm","SITE-IMP-LYO"
"manonm","SITE-WIFI-LYO"
"manonm","SOC-DOC"
"manonm","SOC-INTRA"
"manonm","SOC-MSG"
"manonm","SOC-VPN"
"manont","DOC-METHODO"
"manont","FCT-CONGES"
"manont","FCT-FORM"
"manont","FCT-NDF"
"manont","FCT-ORG"
"manont","FCT-TEMPS"
"manont","LIVRABLE-CLI"
"manont","MISSION-PORT"
"manont","SITE-BADGE-LYO"
"manont","SITE-IMP-LYO"
"manont","SITE-WIFI-LYO"
"manont","SOC-DOC"
"manont","SOC-INTRA"
"manont","SOC-MSG"
"manont","SOC-VPN"
"margauxb","DOC-METHODO"
"margauxb","FCT-CONGES"
"margauxb","FCT-FORM"
"margauxb","FCT-NDF"
"margauxb","FCT-ORG"
"margauxb","FCT-TEMPS"
"margauxb","LIVRABLE-CLI"
"margauxb","MISSION-PORT"
"margauxb","SITE-BADGE-MTZ"
"margauxb","SITE-IMP-MTZ"
"margauxb","SITE-WIFI-MTZ"
"margauxb","SOC-DOC"
"margauxb","SOC-INTRA"
"margauxb","SOC-MSG"
"margauxb","SOC-VPN"
"margauxh","CRM-EXPORT"
"margauxh","CRM-LEC"
"margauxh","CRM-SEGMENT"
"margauxh","FCT-CONGES"
"margauxh","FCT-FORM"
"margauxh","FCT-NDF"
"margauxh","FCT-ORG"
"margauxh","SITE-BADGE-PAR"
"margauxh","SITE-IMP-PAR"
"margauxh","SITE-WIFI-PAR"
"margauxh","SOC-DOC"
"margauxh","SOC-INTRA"
"margauxh","SOC-MSG"
"margauxh","SOC-VPN"
"margauxr","DOC-PROJET"
"margauxr","FCT-CONGES"
"margauxr","FCT-ENTRETIEN"
"margauxr","FCT-FORM"
"margauxr","FCT-NDF"
"margauxr","FCT-NDF-VALID"
"margauxr","FCT-ORG"
"margauxr","FCT-TEMPS"
"margauxr","PM-BUDGET"
"margauxr","PM-OUTIL"
"margauxr","RISQUE-REG"
"margauxr","SITE-BADGE-LYO"
"margauxr","SITE-IMP-LYO"
"margauxr","SITE-WIFI-LYO"
"margauxr","SOC-DOC"
"margauxr","SOC-INTRA"
"margauxr","SOC-MSG"
"margauxr","SOC-VPN"
"margauxt","CRM-LEC"
"margauxt","CRM-SAISIE"
"margauxt","DEVIS-CREA"
"margauxt","FCT-CONGES"
"margauxt","FCT-FORM"
"margauxt","FCT-NDF"
"margauxt","FCT-ORG"
"margauxt","PROSPECT-BASE"
"margauxt","SITE-BADGE-LYO"
"margauxt","SITE-IMP-LYO"
"margauxt","SITE-WIFI-LYO"
"margauxt","SOC-DOC"
"margauxt","SOC-INTRA"
"margauxt","SOC-MSG"
"margauxt","SOC-VPN"
"margauxt","TARIF-CONSULT"
"margauxt","TARIF-REMISE"
"marionc","CMS-REDAC"
"marionc","FCT-CONGES"
"marionc","FCT-FORM"
"marionc","FCT-NDF"
"marionc","FCT-ORG"
"marionc","FCT-TEMPS"
"marionc","MEDIATHEQUE"
"marionc","SITE-BADGE-LYO"
"marionc","SITE-IMP-LYO"
"marionc","SITE-WIFI-LYO"
"marionc","SOC-DOC"
"marionc","SOC-INTRA"
"marionc","SOC-MSG"
"marionc","SOC-VPN"
"marionj","CRM-LEC"
"marionj","CRM-SAISIE"
"marionj","FCT-CONGES"
"marionj","FCT-FORM"
"marionj","FCT-NDF"
"marionj","FCT-ORG"
"marionj","PROSPECT-BASE"
"marionj","SITE-BADGE-LYO"
"marionj","SITE-IMP-LYO"
"marionj","SITE-WIFI-LYO"
"marionj","SOC-DOC"
"marionj","SOC-INTRA"
"marionj","SOC-MSG"
"marionj","SOC-VPN"
"marionj","TARIF-CONSULT"
"marionm","DOC-METHODO"
"marionm","FCT-CONGES"
"marionm","FCT-FORM"
"marionm","FCT-NDF"
"marionm","FCT-ORG"
"marionm","FCT-TEMPS"
"marionm","LIVRABLE-CLI"
"marionm","MISSION-PORT"
"marionm","SITE-BADGE-PAR"
"marionm","SITE-IMP-PAR"
"marionm","SITE-WIFI-PAR"
"marionm","SOC-DOC"
"marionm","SOC-INTRA"
"marionm","SOC-MSG"
"marionm","SOC-VPN"
"mathieub","BADGE-ATELIER"
"mathieub","EPI-DOTATION"
"mathieub","ERP-LEC"
"mathieub","FCT-CONGES"
"mathieub","FCT-FORM"
"mathieub","FCT-ORG"
"mathieub","GMAO"
"mathieub","PLM-PLANS"
"mathieub","SITE-BADGE-MTZ"
"mathieub","SITE-IMP-MTZ"
"mathieub","SITE-WIFI-MTZ"
"mathieub","SOC-DOC"
"mathieub","SOC-INTRA"
"mathieub","SOC-MSG"
"mathieub","SOC-VPN"
"mathieuc","BI-CODIR"
"mathieuc","DIR-TABLEAU"
"mathieuc","FCT-CONGES"
"mathieuc","FCT-ENTRETIEN"
"mathieuc","FCT-FORM"
"mathieuc","FCT-NDF"
"mathieuc","FCT-NDF-VALID"
"mathieuc","FCT-ORG"
"mathieuc","JURIDIQUE-CTR"
"mathieuc","MARGE-CONSULT"
"mathieuc","SITE-BADGE-PAR"
"mathieuc","SITE-IMP-PAR"
"mathieuc","SITE-WIFI-PAR"
"mathieuc","SOC-DOC"
"mathieuc","SOC-INTRA"
"mathieuc","SOC-MSG"
"mathieuc","SOC-VPN"
"mathieuh","DOC-PROJET"
"mathieuh","FCT-CONGES"
"mathieuh","FCT-ENTRETIEN"
"mathieuh","FCT-FORM"
"mathieuh","FCT-NDF"
"mathieuh","FCT-NDF-VALID"
"mathieuh","FCT-ORG"
"mathieuh","FCT-TEMPS"
"mathieuh","PM-BUDGET"
"mathieuh","PM-OUTIL"
"mathieuh","RISQUE-REG"
"mathieuh","SITE-BADGE-MTZ"
"mathieuh","SITE-IMP-MTZ"
"mathieuh","SITE-WIFI-MTZ"
"mathieuh","SOC-DOC"
"mathieuh","SOC-INTRA"
"mathieuh","SOC-MSG"
"mathieuh","SOC-VPN"
"mathieum","DOC-METHODO"
"mathieum","FCT-CONGES"
"mathieum","FCT-FORM"
"mathieum","FCT-NDF"
"mathieum","FCT-ORG"
"mathieum","FCT-TEMPS"
"mathieum","LIVRABLE-CLI"
"mathieum","MISSION-PORT"
"mathieum","SITE-BADGE-MTZ"
"mathieum","SITE-IMP-MTZ"
"mathieum","SITE-WIFI-MTZ"
"mathieum","SOC-DOC"
"mathieum","SOC-INTRA"
"mathieum","SOC-MSG"
"mathieum","SOC-VPN"
"mathieuo","CONTRAT-MOD"
"mathieuo","DEVIS-VALID"
"mathieuo","DOC-PROJET"
"mathieuo","FCT-CONGES"
"mathieuo","FCT-ENTRETIEN"
"mathieuo","FCT-FORM"
"mathieuo","FCT-NDF"
"mathieuo","FCT-NDF-VALID"
"mathieuo","FCT-ORG"
"mathieuo","FCT-TEMPS"
"mathieuo","PM-BUDGET"
"mathieuo","PM-OUTIL"
"mathieuo","RISQUE-REG"
"mathieuo","SITE-BADGE-PAR"
"mathieuo","SITE-IMP-PAR"
"mathieuo","SITE-WIFI-PAR"
"mathieuo","SOC-DOC"
"mathieuo","SOC-INTRA"
"mathieuo","SOC-MSG"
"mathieuo","SOC-VPN"
"maximef","COMPTA-SAISIE"
"maximef","ERP-LEC"
"maximef","FACTURE-FOURN"
"maximef","FCT-CONGES"
"maximef","FCT-FORM"
"maximef","FCT-ORG"
"maximef","SITE-BADGE-PAR"
"maximef","SITE-IMP-PAR"
"maximef","SITE-WIFI-PAR"
"maximef","SOC-DOC"
"maximef","SOC-INTRA"
"maximef","SOC-MSG"
"maximef","SOC-VPN"
"maximei","CRM-LEC"
"maximei","CRM-SAISIE"
"maximei","CRM-SEGMENT"
"maximei","DEVIS-CREA"
"maximei","FCT-CONGES"
"maximei","FCT-FORM"
"maximei","FCT-NDF"
"maximei","FCT-ORG"
"maximei","PROSPECT-BASE"
"maximei","SITE-BADGE-PAR"
"maximei","SITE-IMP-PAR"
"maximei","SITE-WIFI-PAR"
"maximei","SOC-DOC"
"maximei","SOC-INTRA"
"maximei","SOC-MSG"
"maximei","SOC-VPN"
"maximei","TARIF-CONSULT"
"maximel","CRM-LEC"
"maximel","CRM-SAISIE"
"maximel","CRM-SEGMENT"
"maximel","DEVIS-CREA"
"maximel","FCT-CONGES"
"maximel","FCT-ENTRETIEN"
"maximel","FCT-FORM"
"maximel","FCT-NDF"
"maximel","FCT-NDF-VALID"
"maximel","FCT-ORG"
"maximel","PROSPECT-BASE"
"maximel","SITE-BADGE-PAR"
"maximel","SITE-IMP-PAR"
"maximel","SITE-WIFI-PAR"
"maximel","SOC-DOC"
"maximel","SOC-INTRA"
"maximel","SOC-MSG"
"maximel","SOC-VPN"
"maximel","TARIF-CONSULT"
"maximem","DOC-PROJET"
"maximem","FCT-CONGES"
"maximem","FCT-ENTRETIEN"
"maximem","FCT-FORM"
"maximem","FCT-NDF"
"maximem","FCT-NDF-VALID"
"maximem","FCT-ORG"
"maximem","FCT-TEMPS"
"maximem","PM-BUDGET"
"maximem","PM-OUTIL"
"maximem","RISQUE-REG"
"maximem","SITE-BADGE-PAR"
"maximem","SITE-WIFI-PAR"
"maximem","SOC-DOC"
"maximem","SOC-INTRA"
"maximem","SOC-MSG"
"maximem","SOC-VPN"
"maximet","DOC-PROJET"
"maximet","FCT-NDF"
"maximet","FCT-TEMPS"
"maximet","PM-OUTIL"
"maximet","SITE-BADGE-PAR"
"maximet","SITE-IMP-PAR"
"maximet","SITE-WIFI-PAR"
"maximet","SOC-DOC"
"maximet","SOC-INTRA"
"maximet","SOC-MSG"
"maximet","SOC-VPN"
"maximev","CAMPAGNE"
"maximev","FCT-CONGES"
"maximev","FCT-ENTRETIEN"
"maximev","FCT-FORM"
"maximev","FCT-NDF"
"maximev","FCT-NDF-VALID"
"maximev","FCT-ORG"
"maximev","MARQUE-CHARTE"
"maximev","MEDIA-PLAN"
"maximev","MEDIATHEQUE"
"maximev","SITE-BADGE-PAR"
"maximev","SITE-IMP-PAR"
"maximev","SITE-WIFI-PAR"
"maximev","SOC-DOC"
"maximev","SOC-INTRA"
"maximev","SOC-MSG"
"maximev","SOC-VPN"
"melanieb","CRM-ADMIN"
"melanieb","CRM-EXPORT"
"melanieb","CRM-LEC"
"melanieb","CRM-SEGMENT"
"melanieb","FCT-CONGES"
"melanieb","FCT-NDF"
"melanieb","FCT-ORG"
"melanieb","SITE-BADGE-PAR"
"melanieb","SITE-WIFI-PAR"
"melanieb","SOC-DOC"
"melanieb","SOC-INTRA"
"melanieb","SOC-MSG"
"melanieb","SOC-VPN"
"melaniec","DEVIS-VALID"
"melaniec","DOC-PROJET"
"melaniec","FCT-NDF"
"melaniec","FCT-TEMPS"
"melaniec","MARQUE-CHARTE"
"melaniec","OBS-GED2003"
"melaniec","PM-OUTIL"
"melaniec","SITE-BADGE-PAR"
"melaniec","SITE-IMP-PAR"
"melaniec","SITE-WIFI-PAR"
"melaniec","SOC-DOC"
"melaniec","SOC-INTRA"
"melaniec","SOC-MSG"
"melaniec","SOC-VPN"
"melanied","CRM-LEC"
"melanied","CRM-SAISIE"
"melanied","DEVIS-CREA"
"melanied","FCT-CONGES"
"melanied","FCT-FORM"
"melanied","FCT-NDF"
"melanied","FCT-ORG"
"melanied","OBS-CRM1"
"melanied","PROSPECT-BASE"
"melanied","SITE-BADGE-MTZ"
"melanied","SITE-IMP-MTZ"
"melanied","SITE-WIFI-MTZ"
"melanied","SOC-DOC"
"melanied","SOC-INTRA"
"melanied","SOC-MSG"
"melanied","SOC-VPN"
"melanied","TARIF-CONSULT"
"melanied","TARIF-REMISE"
"melaniem","DOC-METHODO"
"melaniem","DOC-PROJET"
"melaniem","FCT-NDF"
"melaniem","FCT-TEMPS"
"melaniem","LIVRABLE-CLI"
"melaniem","MISSION-PORT"
"melaniem","SITE-BADGE-LYO"
"melaniem","SITE-IMP-LYO"
"melaniem","SITE-WIFI-LYO"
"melaniem","SOC-DOC"
"melaniem","SOC-INTRA"
"melaniem","SOC-MSG"
"melaniem","SOC-VPN"
"melaniep","ACHAT-DEM"
"melaniep","ERP-LEC"
"melaniep","FCT-CONGES"
"melaniep","FCT-FORM"
"melaniep","FCT-NDF"
"melaniep","FCT-NDF-VALID"
"melaniep","FCT-ORG"
"melaniep","LOGISTIQUE"
"melaniep","SITE-BADGE-MTZ"
"melaniep","SITE-IMP-MTZ"
"melaniep","SITE-WIFI-MTZ"
"melaniep","SOC-DOC"
"melaniep","SOC-INTRA"
"melaniep","SOC-MSG"
"melaniep","SOC-VPN"
"melaniep","STOCK"
"morganec","DOC-METHODO"
"morganec","FCT-CONGES"
"morganec","FCT-FORM"
"morganec","FCT-NDF"
"morganec","FCT-ORG"
"morganec","FCT-TEMPS"
"morganec","LIVRABLE-CLI"
"morganec","MISSION-PORT"
"morganec","SITE-BADGE-PAR"
"morganec","SITE-IMP-PAR"
"morganec","SITE-WIFI-PAR"
"morganec","SOC-DOC"
"morganec","SOC-INTRA"
"morganec","SOC-MSG"
"morganec","SOC-VPN"
"morganed","CRM-LEC"
"morganed","CRM-SAISIE"
"morganed","DEVIS-CREA"
"morganed","FCT-CONGES"
"morganed","FCT-FORM"
"morganed","FCT-NDF"
"morganed","FCT-ORG"
"morganed","OBS-CRM1"
"morganed","PROSPECT-BASE"
"morganed","SITE-BADGE-MTZ"
"morganed","SITE-IMP-MTZ"
"morganed","SITE-WIFI-MTZ"
"morganed","SOC-DOC"
"morganed","SOC-INTRA"
"morganed","SOC-MSG"
"morganed","SOC-VPN"
"morganed","TARIF-CONSULT"
"morganeg","CRM-LEC"
"morganeg","CRM-PILOT"
"morganeg","DEVIS-VALID"
"morganeg","FCT-CONGES"
"morganeg","FCT-FORM"
"morganeg","FCT-NDF"
"morganeg","FCT-ORG"
"morganeg","MARGE-CONSULT"
"morganeg","SITE-BADGE-LYO"
"morganeg","SITE-WIFI-LYO"
"morganeg","SOC-DOC"
"morganeg","SOC-INTRA"
"morganeg","SOC-MSG"
"morganeg","SOC-VPN"
"morganeh","BADGE-ATELIER"
"morganeh","EPI-DOTATION"
"morganeh","FCT-CONGES"
"morganeh","FCT-FORM"
"morganeh","FCT-ORG"
"morganeh","GMAO"
"morganeh","PLM-PLANS"
"morganeh","SITE-BADGE-MTZ"
"morganeh","SITE-IMP-MTZ"
"morganeh","SITE-WIFI-MTZ"
"morganeh","SOC-DOC"
"morganeh","SOC-INTRA"
"morganeh","SOC-MSG"
"morganeh","SOC-VPN"
"morganeh","SUPERVISION"
"morganer","CAMPAGNE"
"morganer","CRM-LEC"
"morganer","CRM-SAISIE"
"morganer","CRM-SEGMENT"
"morganer","DEVIS-CREA"
"morganer","FCT-CONGES"
"morganer","FCT-FORM"
"morganer","FCT-NDF"
"morganer","FCT-ORG"
"morganer","PROSPECT-BASE"
"morganer","SITE-BADGE-PAR"
"morganer","SITE-IMP-PAR"
"morganer","SITE-WIFI-PAR"
"morganer","SOC-DOC"
"morganer","SOC-INTRA"
"morganer","SOC-MSG"
"morganer","SOC-VPN"
"morganer","TARIF-CONSULT"
"morganer","TARIF-REMISE"
"nathalieb","DOC-PROJET"
"nathalieb","FCT-CONGES"
"nathalieb","FCT-ENTRETIEN"
"nathalieb","FCT-FORM"
"nathalieb","FCT-NDF"
"nathalieb","FCT-NDF-VALID"
"nathalieb","FCT-ORG"
"nathalieb","FCT-TEMPS"
"nathalieb","PM-BUDGET"
"nathalieb","PM-OUTIL"
"nathalieb","RISQUE-REG"
"nathalieb","SITE-BADGE-MTZ"
"nathalieb","SITE-IMP-MTZ"
"nathalieb","SITE-WIFI-MTZ"
"nathalieb","SOC-DOC"
"nathalieb","SOC-INTRA"
"nathalieb","SOC-MSG"
"nathalieb","SOC-VPN"
"nathaliec","DOC-PROJET"
"nathaliec","FCT-NDF"
"nathaliec","FCT-TEMPS"
"nathaliec","PM-OUTIL"
"nathaliec","SITE-BADGE-PAR"
"nathaliec","SITE-IMP-PAR"
"nathaliec","SITE-WIFI-PAR"
"nathaliec","SOC-DOC"
"nathaliec","SOC-INTRA"
"nathaliec","SOC-MSG"
"nathaliec","SOC-VPN"
"nathaliei","CRM-LEC"
"nathaliei","CRM-SAISIE"
"nathaliei","CRM-SEGMENT"
"nathaliei","DEVIS-CREA"
"nathaliei","FCT-CONGES"
"nathaliei","FCT-FORM"
"nathaliei","FCT-NDF"
"nathaliei","FCT-ORG"
"nathaliei","PROSPECT-BASE"
"nathaliei","SITE-BADGE-PAR"
"nathaliei","SITE-IMP-PAR"
"nathaliei","SITE-WIFI-PAR"
"nathaliei","SOC-DOC"
"nathaliei","SOC-INTRA"
"nathaliei","SOC-MSG"
"nathaliei","SOC-VPN"
"nathaliei","TARIF-CONSULT"
"nathaliei","TARIF-REMISE"
"nathaliek","BI-CODIR"
"nathaliek","DIR-TABLEAU"
"nathaliek","FCT-CONGES"
"nathaliek","FCT-ENTRETIEN"
"nathaliek","FCT-FORM"
"nathaliek","FCT-NDF"
"nathaliek","FCT-NDF-VALID"
"nathaliek","FCT-ORG"
"nathaliek","MARGE-CONSULT"
"nathaliek","MISSION-PORT"
"nathaliek","PM-OUTIL"
"nathaliek","SITE-BADGE-PAR"
"nathaliek","SITE-IMP-PAR"
"nathaliek","SITE-WIFI-PAR"
"nathaliek","SOC-DOC"
"nathaliek","SOC-INTRA"
"nathaliek","SOC-MSG"
"nathaliek","SOC-VPN"
"nathaliel","CRM-LEC"
"nathaliel","CRM-PILOT"
"nathaliel","DEVIS-VALID"
"nathaliel","FCT-CONGES"
"nathaliel","FCT-FORM"
"nathaliel","FCT-NDF"
"nathaliel","FCT-ORG"
"nathaliel","MARGE-CONSULT"
"nathaliel","OBS-CRM1"
"nathaliel","SITE-BADGE-PAR"
"nathaliel","SITE-IMP-PAR"
"nathaliel","SITE-WIFI-PAR"
"nathaliel","SOC-DOC"
"nathaliel","SOC-INTRA"
"nathaliel","SOC-MSG"
"nathaliel","SOC-VPN"
"nathaliev","DOC-METHODO"
"nathaliev","FCT-CONGES"
"nathaliev","FCT-FORM"
"nathaliev","FCT-NDF"
"nathaliev","FCT-TEMPS"
"nathaliev","LIVRABLE-CLI"
"nathaliev","MISSION-PORT"
"nathaliev","SITE-BADGE-LYO"
"nathaliev","SITE-IMP-LYO"
"nathaliev","SITE-WIFI-LYO"
"nathaliev","SOC-DOC"
"nathaliev","SOC-INTRA"
"nathaliev","SOC-MSG"
"nathaliev","SOC-VPN"
"nicolasa","CRM-LEC"
"nicolasa","CRM-SAISIE"
"nicolasa","CRM-SEGMENT"
"nicolasa","DEVIS-CREA"
"nicolasa","FCT-CONGES"
"nicolasa","FCT-FORM"
"nicolasa","FCT-NDF"
"nicolasa","FCT-ORG"
"nicolasa","PROSPECT-BASE"
"nicolasa","SITE-BADGE-PAR"
"nicolasa","SITE-IMP-PAR"
"nicolasa","SITE-WIFI-PAR"
"nicolasa","SOC-DOC"
"nicolasa","SOC-INTRA"
"nicolasa","SOC-MSG"
"nicolasa","SOC-VPN"
"nicolasa","TARIF-CONSULT"
"nicolasb","CRM-LEC"
"nicolasb","CRM-SAISIE"
"nicolasb","DEVIS-CREA"
"nicolasb","FCT-CONGES"
"nicolasb","FCT-FORM"
"nicolasb","FCT-NDF"
"nicolasb","FCT-ORG"
"nicolasb","PROSPECT-BASE"
"nicolasb","SITE-BADGE-LYO"
"nicolasb","SITE-IMP-LYO"
"nicolasb","SITE-WIFI-LYO"
"nicolasb","SOC-DOC"
"nicolasb","SOC-INTRA"
"nicolasb","SOC-MSG"
"nicolasb","SOC-VPN"
"nicolasb","TARIF-CONSULT"
"nicolasb","TARIF-REMISE"
"nicolasc","DOC-PROJET"
"nicolasc","FCT-CONGES"
"nicolasc","FCT-ENTRETIEN"
"nicolasc","FCT-NDF"
"nicolasc","FCT-NDF-VALID"
"nicolasc","FCT-ORG"
"nicolasc","FCT-TEMPS"
"nicolasc","PM-BUDGET"
"nicolasc","PM-OUTIL"
"nicolasc","RISQUE-REG"
"nicolasc","SITE-BADGE-PAR"
"nicolasc","SITE-IMP-PAR"
"nicolasc","SITE-WIFI-PAR"
"nicolasc","SOC-DOC"
"nicolasc","SOC-INTRA"
"nicolasc","SOC-MSG"
"nicolasc","SOC-VPN"
"nicolasd","DOC-PROJET"
"nicolasd","FCT-NDF"
"nicolasd","FCT-TEMPS"
"nicolasd","PM-OUTIL"
"nicolasd","SITE-BADGE-PAR"
"nicolasd","SITE-IMP-PAR"
"nicolasd","SITE-WIFI-PAR"
"nicolasd","SOC-DOC"
"nicolasd","SOC-INTRA"
"nicolasd","SOC-MSG"
"nicolasf","CRM-LEC"
"nicolasf","CRM-PILOT"
"nicolasf","DEVIS-VALID"
"nicolasf","FCT-CONGES"
"nicolasf","FCT-FORM"
"nicolasf","FCT-NDF"
"nicolasf","FCT-ORG"
"nicolasf","MARGE-CONSULT"
"nicolasf","SITE-BADGE-LYO"
"nicolasf","SITE-IMP-LYO"
"nicolasf","SITE-WIFI-LYO"
"nicolasf","SOC-DOC"
"nicolasf","SOC-INTRA"
"nicolasf","SOC-MSG"
"nicolasf","SOC-VPN"
"nicolash","DOC-PROJET"
"nicolash","FCT-CONGES"
"nicolash","FCT-ENTRETIEN"
"nicolash","FCT-NDF"
"nicolash","FCT-NDF-VALID"
"nicolash","FCT-ORG"
"nicolash","FCT-TEMPS"
"nicolash","PM-BUDGET"
"nicolash","PM-OUTIL"
"nicolash","RISQUE-REG"
"nicolash","SITE-BADGE-MTZ"
"nicolash","SITE-IMP-MTZ"
"nicolash","SITE-WIFI-MTZ"
"nicolash","SOC-DOC"
"nicolash","SOC-INTRA"
"nicolash","SOC-MSG"
"nicolash","SOC-VPN"
"nicolasl","ACHAT-DEM"
"nicolasl","ERP-LEC"
"nicolasl","FCT-CONGES"
"nicolasl","FCT-ENTRETIEN"
"nicolasl","FCT-FORM"
"nicolasl","FCT-NDF"
"nicolasl","FCT-NDF-VALID"
"nicolasl","FOURN-PORTAIL"
"nicolasl","LOGISTIQUE"
"nicolasl","SITE-BADGE-PAR"
"nicolasl","SITE-IMP-PAR"
"nicolasl","SITE-WIFI-PAR"
"nicolasl","SOC-DOC"
"nicolasl","SOC-INTRA"
"nicolasl","SOC-MSG"
"nicolasl","SOC-VPN"
"nicolasm","DOC-METHODO"
"nicolasm","FCT-CONGES"
"nicolasm","FCT-FORM"
"nicolasm","FCT-NDF"
"nicolasm","FCT-ORG"
"nicolasm","FCT-TEMPS"
"nicolasm","LIVRABLE-CLI"
"nicolasm","MISSION-PORT"
"nicolasm","SITE-BADGE-LYO"
"nicolasm","SITE-IMP-LYO"
"nicolasm","SITE-WIFI-LYO"
"nicolasm","SOC-DOC"
"nicolasm","SOC-INTRA"
"nicolasm","SOC-MSG"
"nicolasm","SOC-VPN"
"nicolasr","CRM-LEC"
"nicolasr","CRM-SAISIE"
"nicolasr","DEVIS-CREA"
"nicolasr","FCT-CONGES"
"nicolasr","FCT-FORM"
"nicolasr","FCT-NDF"
"nicolasr","FCT-ORG"
"nicolasr","PROSPECT-BASE"
"nicolasr","SITE-BADGE-LYO"
"nicolasr","SITE-IMP-LYO"
"nicolasr","SITE-WIFI-LYO"
"nicolasr","SOC-DOC"
"nicolasr","SOC-INTRA"
"nicolasr","SOC-MSG"
"nicolasr","SOC-VPN"
"nicolasr","TARIF-CONSULT"
"nicolasr","TARIF-REMISE"
"oceaneb","BADGE-ATELIER"
"oceaneb","EPI-DOTATION"
"oceaneb","FCT-CONGES"
"oceaneb","FCT-ENTRETIEN"
"oceaneb","FCT-FORM"
"oceaneb","FCT-NDF"
"oceaneb","FCT-NDF-VALID"
"oceaneb","FCT-ORG"
"oceaneb","GMAO"
"oceaneb","MARQUE-CHARTE"
"oceaneb","PLM-PLANS"
"oceaneb","PLM-VALID"
"oceaneb","SITE-BADGE-MTZ"
"oceaneb","SITE-IMP-MTZ"
"oceaneb","SITE-WIFI-MTZ"
"oceaneb","SOC-DOC"
"oceaneb","SOC-INTRA"
"oceaneb","SOC-MSG"
"oceaneb","SOC-VPN"
"oceaneb","SUPERVISION"
"oceaneh","DOC-METHODO"
"oceaneh","FCT-CONGES"
"oceaneh","FCT-FORM"
"oceaneh","FCT-NDF"
"oceaneh","FCT-NDF-VALID"
"oceaneh","FCT-ORG"
"oceaneh","FCT-TEMPS"
"oceaneh","LIVRABLE-CLI"
"oceaneh","MISSION-PORT"
"oceaneh","SITE-BADGE-PAR"
"oceaneh","SITE-IMP-PAR"
"oceaneh","SITE-WIFI-PAR"
"oceaneh","SOC-DOC"
"oceaneh","SOC-INTRA"
"oceaneh","SOC-MSG"
"oceaneh","SOC-VPN"
"olivierh","CMS-PUBLI"
"olivierh","CMS-REDAC"
"olivierh","DOC-PROJET"
"olivierh","FCT-CONGES"
"olivierh","FCT-FORM"
"olivierh","FCT-NDF"
"olivierh","FCT-ORG"
"olivierh","FCT-TEMPS"
"olivierh","MEDIATHEQUE"
"olivierh","SITE-BADGE-LYO"
"olivierh","SITE-WIFI-LYO"
"olivierh","SOC-DOC"
"olivierh","SOC-INTRA"
"olivierh","SOC-MSG"
"olivierh","SOC-VPN"
"olivierl","CMS-REDAC"
"olivierl","CRM-LEC"
"olivierl","CRM-SEGMENT"
"olivierl","FCT-CONGES"
"olivierl","FCT-ENTRETIEN"
"olivierl","FCT-FORM"
"olivierl","FCT-NDF"
"olivierl","FCT-NDF-VALID"
"olivierl","FCT-ORG"
"olivierl","SITE-BADGE-PAR"
"olivierl","SITE-IMP-PAR"
"olivierl","SITE-WIFI-PAR"
"olivierl","SOC-DOC"
"olivierl","SOC-INTRA"
"olivierl","SOC-MSG"
"olivierl","SOC-VPN"
"olivierm","DOC-PROJET"
"olivierm","FCT-CONGES"
"olivierm","FCT-ENTRETIEN"
"olivierm","FCT-FORM"
"olivierm","FCT-NDF"
"olivierm","FCT-NDF-VALID"
"olivierm","FCT-TEMPS"
"olivierm","PM-BUDGET"
"olivierm","PM-OUTIL"
"olivierm","RISQUE-REG"
"olivierm","SITE-BADGE-MTZ"
"olivierm","SITE-IMP-MTZ"
"olivierm","SITE-WIFI-MTZ"
"olivierm","SOC-DOC"
"olivierm","SOC-INTRA"
"olivierm","SOC-MSG"
"olivierm","SOC-VPN"
"olivierv","CRM-LEC"
"olivierv","CRM-SAISIE"
"olivierv","DEVIS-CREA"
"olivierv","FCT-CONGES"
"olivierv","FCT-NDF"
"olivierv","PROSPECT-BASE"
"olivierv","SITE-BADGE-MTZ"
"olivierv","SITE-IMP-MTZ"
"olivierv","SITE-WIFI-MTZ"
"olivierv","SOC-DOC"
"olivierv","SOC-INTRA"
"olivierv","SOC-MSG"
"olivierv","SOC-VPN"
"olivierv","TARIF-CONSULT"
"paulinec","CRM-LEC"
"paulinec","CRM-SAISIE"
"paulinec","CRM-SEGMENT"
"paulinec","DEVIS-CREA"
"paulinec","FCT-CONGES"
"paulinec","FCT-FORM"
"paulinec","FCT-NDF"
"paulinec","FCT-ORG"
"paulinec","PROSPECT-BASE"
"paulinec","SITE-BADGE-PAR"
"paulinec","SITE-IMP-PAR"
"paulinec","SITE-WIFI-PAR"
"paulinec","SOC-DOC"
"paulinec","SOC-INTRA"
"paulinec","SOC-MSG"
"paulinec","SOC-VPN"
"paulinec","TARIF-CONSULT"
"paulinec","TARIF-REMISE"
"paulinel","DOC-METHODO"
"paulinel","FCT-CONGES"
"paulinel","FCT-FORM"
"paulinel","FCT-NDF"
"paulinel","FCT-ORG"
"paulinel","FCT-TEMPS"
"paulinel","LIVRABLE-CLI"
"paulinel","MISSION-PORT"
"paulinel","SITE-BADGE-PAR"
"paulinel","SITE-IMP-PAR"
"paulinel","SITE-WIFI-PAR"
"paulinel","SOC-DOC"
"paulinel","SOC-INTRA"
"paulinel","SOC-MSG"
"paulinel","SOC-VPN"
"paulinem","DOC-METHODO"
"paulinem","FCT-CONGES"
"paulinem","FCT-FORM"
"paulinem","FCT-NDF"
"paulinem","FCT-ORG"
"paulinem","FCT-TEMPS"
"paulinem","LIVRABLE-CLI"
"paulinem","MISSION-PORT"
"paulinem","SITE-BADGE-MTZ"
"paulinem","SITE-IMP-MTZ"
"paulinem","SITE-WIFI-MTZ"
"paulinem","SOC-DOC"
"paulinem","SOC-INTRA"
"paulinem","SOC-MSG"
"paulinem","SOC-VPN"
"paulinep","BI-CODIR"
"paulinep","DIR-TABLEAU"
"paulinep","FCT-CONGES"
"paulinep","FCT-ENTRETIEN"
"paulinep","FCT-FORM"
"paulinep","FCT-NDF"
"paulinep","FCT-NDF-VALID"
"paulinep","FCT-ORG"
"paulinep","MARGE-CONSULT"
"paulinep","SITE-BADGE-PAR"
"paulinep","SITE-IMP-PAR"
"paulinep","SITE-WIFI-PAR"
"paulinep","SOC-DOC"
"paulinep","SOC-INTRA"
"paulinep","SOC-MSG"
"paulinep","SOC-VPN"
"pauliner","BI-CODIR"
"pauliner","DIR-TABLEAU"
"pauliner","FCT-CONGES"
"pauliner","FCT-ENTRETIEN"
"pauliner","FCT-FORM"
"pauliner","FCT-NDF"
"pauliner","FCT-NDF-VALID"
"pauliner","FCT-ORG"
"pauliner","MARGE-CONSULT"
"pauliner","SITE-BADGE-PAR"
"pauliner","SITE-WIFI-PAR"
"pauliner","SOC-DOC"
"pauliner","SOC-INTRA"
"pauliner","SOC-MSG"
"pauliner","SOC-VPN"
"pierreb","DOC-PROJET"
"pierreb","FCT-NDF"
"pierreb","FCT-TEMPS"
"pierreb","PM-OUTIL"
"pierreb","SITE-BADGE-PAR"
"pierreb","SITE-IMP-PAR"
"pierreb","SITE-WIFI-PAR"
"pierreb","SOC-DOC"
"pierreb","SOC-INTRA"
"pierreb","SOC-MSG"
"pierreb","SOC-VPN"
"pierrec","BI-CODIR"
"pierrec","DIR-TABLEAU"
"pierrec","DOC-PROJET"
"pierrec","FCT-CONGES"
"pierrec","FCT-ENTRETIEN"
"pierrec","FCT-FORM"
"pierrec","FCT-NDF"
"pierrec","FCT-NDF-VALID"
"pierrec","FCT-ORG"
"pierrec","MARGE-CONSULT"
"pierrec","SITE-BADGE-PAR"
"pierrec","SITE-IMP-PAR"
"pierrec","SITE-WIFI-PAR"
"pierrec","SOC-DOC"
"pierrec","SOC-INTRA"
"pierrec","SOC-MSG"
"pierrek","DOC-PROJET"
"pierrek","FCT-CONGES"
"pierrek","FCT-ENTRETIEN"
"pierrek","FCT-FORM"
"pierrek","FCT-NDF"
"pierrek","FCT-NDF-VALID"
"pierrek","FCT-ORG"
"pierrek","FCT-TEMPS"
"pierrek","PM-BUDGET"
"pierrek","PM-OUTIL"
"pierrek","RISQUE-REG"
"pierrek","SITE-BADGE-MTZ"
"pierrek","SITE-IMP-MTZ"
"pierrek","SITE-WIFI-MTZ"
"pierrek","SOC-DOC"
"pierrek","SOC-INTRA"
"pierrek","SOC-MSG"
"pierrek","SOC-VPN"
"pierrel","DOC-PROJET"
"pierrel","FCT-CONGES"
"pierrel","FCT-ENTRETIEN"
"pierrel","FCT-FORM"
"pierrel","FCT-NDF"
"pierrel","FCT-NDF-VALID"
"pierrel","FCT-ORG"
"pierrel","FCT-TEMPS"
"pierrel","PM-BUDGET"
"pierrel","PM-OUTIL"
"pierrel","RISQUE-REG"
"pierrel","SITE-BADGE-MTZ"
"pierrel","SITE-IMP-MTZ"
"pierrel","SITE-WIFI-MTZ"
"pierrel","SOC-DOC"
"pierrel","SOC-INTRA"
"pierrel","SOC-MSG"
"pierrel","SOC-VPN"
"pierrem","ACHAT-DEM"
"pierrem","ERP-LEC"
"pierrem","FCT-CONGES"
"pierrem","FCT-ENTRETIEN"
"pierrem","FCT-FORM"
"pierrem","FCT-NDF"
"pierrem","FCT-NDF-VALID"
"pierrem","FCT-ORG"
"pierrem","FOURN-PORTAIL"
"pierrem","SITE-BADGE-PAR"
"pierrem","SITE-IMP-PAR"
"pierrem","SITE-WIFI-PAR"
"pierrem","SOC-DOC"
"pierrem","SOC-INTRA"
"pierrem","SOC-MSG"
"pierrem","SOC-VPN"
"pierren","CRM-LEC"
"pierren","CRM-SAISIE"
"pierren","CRM-SEGMENT"
"pierren","DEVIS-CREA"
"pierren","FCT-CONGES"
"pierren","FCT-FORM"
"pierren","FCT-NDF"
"pierren","FCT-ORG"
"pierren","PROSPECT-BASE"
"pierren","SITE-BADGE-PAR"
"pierren","SITE-IMP-PAR"
"pierren","SITE-WIFI-PAR"
"pierren","SOC-DOC"
"pierren","SOC-INTRA"
"pierren","SOC-MSG"
"pierren","SOC-VPN"
"pierren","TARIF-CONSULT"
"quentinf","BADGE-ATELIER"
"quentinf","EPI-DOTATION"
"quentinf","ERP-LEC"
"quentinf","FCT-CONGES"
"quentinf","FCT-FORM"
"quentinf","FCT-ORG"
"quentinf","GMAO"
"quentinf","PLM-PLANS"
"quentinf","PLM-VALID"
"quentinf","PM-BUDGET"
"quentinf","SITE-BADGE-MTZ"
"quentinf","SITE-IMP-MTZ"
"quentinf","SITE-WIFI-MTZ"
"quentinf","SOC-DOC"
"quentinf","SOC-INTRA"
"quentinf","SOC-MSG"
"quentinf","SOC-VPN"
"quentinf","SUPERVISION"
"quentinh","CRM-LEC"
"quentinh","CRM-SAISIE"
"quentinh","CRM-SEGMENT"
"quentinh","DEVIS-CREA"
"quentinh","FCT-CONGES"
"quentinh","FCT-FORM"
"quentinh","FCT-NDF"
"quentinh","FCT-ORG"
"quentinh","SITE-BADGE-PAR"
"quentinh","SITE-IMP-PAR"
"quentinh","SITE-WIFI-PAR"
"quentinh","SOC-DOC"
"quentinh","SOC-INTRA"
"quentinh","SOC-MSG"
"quentinh","SOC-VPN"
"quentinh","TARIF-CONSULT"
"quentinj","CRM-LEC"
"quentinj","CRM-PILOT"
"quentinj","DEVIS-VALID"
"quentinj","FCT-CONGES"
"quentinj","FCT-ENTRETIEN"
"quentinj","FCT-FORM"
"quentinj","FCT-NDF"
"quentinj","FCT-NDF-VALID"
"quentinj","FCT-ORG"
"quentinj","SITE-BADGE-MTZ"
"quentinj","SITE-IMP-MTZ"
"quentinj","SITE-WIFI-MTZ"
"quentinj","SOC-DOC"
"quentinj","SOC-INTRA"
"quentinj","SOC-MSG"
"quentinj","SOC-VPN"
"quentinr","DOC-PROJET"
"quentinr","FCT-CONGES"
"quentinr","FCT-ENTRETIEN"
"quentinr","FCT-FORM"
"quentinr","FCT-NDF"
"quentinr","FCT-NDF-VALID"
"quentinr","FCT-ORG"
"quentinr","FCT-TEMPS"
"quentinr","PM-BUDGET"
"quentinr","PM-OUTIL"
"quentinr","RISQUE-REG"
"quentinr","SITE-BADGE-LYO"
"quentinr","SITE-IMP-LYO"
"quentinr","SITE-WIFI-LYO"
"quentinr","SOC-DOC"
"quentinr","SOC-INTRA"
"quentinr","SOC-MSG"
"quentinr","SOC-VPN"
"quentinz","BI-CODIR"
"quentinz","DIR-TABLEAU"
"quentinz","FCT-CONGES"
"quentinz","FCT-ENTRETIEN"
"quentinz","FCT-FORM"
"quentinz","FCT-NDF"
"quentinz","FCT-NDF-VALID"
"quentinz","MARGE-CONSULT"
"quentinz","SITE-BADGE-PAR"
"quentinz","SITE-WIFI-PAR"
"quentinz","SOC-DOC"
"quentinz","SOC-INTRA"
"quentinz","SOC-MSG"
"quentinz","SOC-VPN"
"romainb","CMS-REDAC"
"romainb","DOC-PROJET"
"romainb","FCT-CONGES"
"romainb","FCT-NDF"
"romainb","FCT-TEMPS"
"romainb","MEDIATHEQUE"
"romainb","SITE-BADGE-LYO"
"romainb","SITE-IMP-LYO"
"romainb","SITE-WIFI-LYO"
"romainb","SOC-DOC"
"romainb","SOC-INTRA"
"romainb","SOC-MSG"
"romainb","SOC-VPN"
"romainh","CRM-LEC"
"romainh","CRM-SAISIE"
"romainh","CRM-SEGMENT"
"romainh","DEVIS-CREA"
"romainh","ERP-LEC"
"romainh","FCT-CONGES"
"romainh","FCT-FORM"
"romainh","FCT-NDF"
"romainh","FCT-ORG"
"romainh","PROSPECT-BASE"
"romainh","SITE-BADGE-PAR"
"romainh","SITE-IMP-PAR"
"romainh","SITE-WIFI-PAR"
"romainh","SOC-DOC"
"romainh","SOC-INTRA"
"romainh","SOC-MSG"
"romainh","SOC-VPN"
"romainh","TARIF-CONSULT"
"romaint","DOC-METHODO"
"romaint","FCT-CONGES"
"romaint","FCT-FORM"
"romaint","FCT-NDF"
"romaint","FCT-ORG"
"romaint","FCT-TEMPS"
"romaint","LIVRABLE-CLI"
"romaint","MISSION-PORT"
"romaint","SITE-BADGE-MTZ"
"romaint","SITE-IMP-MTZ"
"romaint","SITE-WIFI-MTZ"
"romaint","SOC-DOC"
"romaint","SOC-INTRA"
"romaint","SOC-MSG"
"romainv","CRM-LEC"
"romainv","CRM-SAISIE"
"romainv","DEVIS-CREA"
"romainv","FCT-CONGES"
"romainv","FCT-FORM"
"romainv","FCT-NDF"
"romainv","FCT-ORG"
"romainv","SITE-BADGE-LYO"
"romainv","SITE-IMP-LYO"
"romainv","SITE-WIFI-LYO"
"romainv","SOC-DOC"
"romainv","SOC-INTRA"
"romainv","SOC-MSG"
"romainv","SOC-VPN"
"romainv","TARIF-CONSULT"
"romainw","CMS-REDAC"
"romainw","DOC-PROJET"
"romainw","FCT-CONGES"
"romainw","FCT-FORM"
"romainw","FCT-NDF"
"romainw","FCT-ORG"
"romainw","FCT-TEMPS"
"romainw","MEDIATHEQUE"
"romainw","SITE-BADGE-LYO"
"romainw","SITE-WIFI-LYO"
"romainw","SOC-DOC"
"romainw","SOC-INTRA"
"romainw","SOC-MSG"
"romainw","SOC-VPN"
"sandrineg","CRM-LEC"
"sandrineg","CRM-SEGMENT"
"sandrineg","FCT-CONGES"
"sandrineg","FCT-FORM"
"sandrineg","FCT-NDF"
"sandrineg","SITE-BADGE-PAR"
"sandrineg","SITE-IMP-PAR"
"sandrineg","SITE-WIFI-PAR"
"sandrineg","SOC-DOC"
"sandrineg","SOC-INTRA"
"sandrineg","SOC-MSG"
"sandrineh","ACHAT-DEM"
"sandrineh","ERP-LEC"
"sandrineh","FCT-CONGES"
"sandrineh","FCT-ENTRETIEN"
"sandrineh","FCT-FORM"
"sandrineh","FCT-NDF"
"sandrineh","FCT-NDF-VALID"
"sandrineh","FCT-ORG"
"sandrineh","LOGISTIQUE"
"sandrineh","SITE-BADGE-PAR"
"sandrineh","SITE-IMP-PAR"
"sandrineh","SITE-WIFI-PAR"
"sandrineh","SOC-DOC"
"sandrineh","SOC-INTRA"
"sandrineh","SOC-MSG"
"sandrineh","SOC-VPN"
"sandrinen","ACHAT-DEM"
"sandrinen","ERP-LEC"
"sandrinen","FCT-CONGES"
"sandrinen","FCT-ENTRETIEN"
"sandrinen","FCT-FORM"
"sandrinen","FCT-NDF"
"sandrinen","FCT-NDF-VALID"
"sandrinen","FCT-ORG"
"sandrinen","FOURN-PORTAIL"
"sandrinen","SITE-BADGE-MTZ"
"sandrinen","SITE-IMP-MTZ"
"sandrinen","SITE-WIFI-MTZ"
"sandrinen","SOC-DOC"
"sandrinen","SOC-INTRA"
"sandrinen","SOC-MSG"
"sandrinen","SOC-VPN"
"sandrinen","STOCK"
"sandrinep","DOC-METHODO"
"sandrinep","FCT-CONGES"
"sandrinep","FCT-ENTRETIEN"
"sandrinep","FCT-FORM"
"sandrinep","FCT-NDF"
"sandrinep","FCT-NDF-VALID"
"sandrinep","FCT-ORG"
"sandrinep","FCT-TEMPS"
"sandrinep","LIVRABLE-CLI"
"sandrinep","MISSION-PORT"
"sandrinep","SITE-BADGE-PAR"
"sandrinep","SITE-WIFI-PAR"
"sandrinep","SOC-DOC"
"sandrinep","SOC-INTRA"
"sandrinep","SOC-MSG"
"sandrinep","SOC-VPN"
"sandrines","ACHAT-DEM"
"sandrines","ERP-LEC"
"sandrines","FCT-CONGES"
"sandrines","FCT-ENTRETIEN"
"sandrines","FCT-FORM"
"sandrines","FCT-NDF"
"sandrines","FCT-NDF-VALID"
"sandrines","FCT-ORG"
"sandrines","LOGISTIQUE"
"sandrines","SITE-BADGE-LYO"
"sandrines","SITE-IMP-LYO"
"sandrines","SITE-WIFI-LYO"
"sandrines","SOC-DOC"
"sandrines","SOC-INTRA"
"sandrines","SOC-MSG"
"sandrines","SOC-VPN"
"sandrines","STOCK"
"sandrinet","DOC-PROJET"
"sandrinet","FCT-NDF"
"sandrinet","FCT-TEMPS"
"sandrinet","PM-OUTIL"
"sandrinet","SITE-BADGE-PAR"
"sandrinet","SITE-IMP-PAR"
"sandrinet","SITE-WIFI-PAR"
"sandrinet","SOC-DOC"
"sandrinet","SOC-INTRA"
"sandrinet","SOC-MSG"
"sandrinet","SOC-VPN"
"sandrinew","BADGE-ATELIER"
"sandrinew","EPI-DOTATION"
"sandrinew","FCT-CONGES"
"sandrinew","FCT-FORM"
"sandrinew","FCT-ORG"
"sandrinew","GMAO"
"sandrinew","PLM-PLANS"
"sandrinew","PLM-VALID"
"sandrinew","PM-OUTIL"
"sandrinew","SITE-BADGE-MTZ"
"sandrinew","SITE-IMP-MTZ"
"sandrinew","SITE-WIFI-MTZ"
"sandrinew","SOC-DOC"
"sandrinew","SOC-INTRA"
"sandrinew","SOC-MSG"
"sandrinew","SOC-VPN"
"sandrinew","SUPERVISION"
"sarahb","CMS-PUBLI"
"sarahb","CMS-REDAC"
"sarahb","DOC-PROJET"
"sarahb","FCT-CONGES"
"sarahb","FCT-FORM"
"sarahb","FCT-NDF"
"sarahb","FCT-NDF-VALID"
"sarahb","FCT-TEMPS"
"sarahb","MEDIATHEQUE"
"sarahb","OBS-GED2003"
"sarahb","OBS-INTRANET1"
"sarahb","SITE-BADGE-LYO"
"sarahb","SITE-IMP-LYO"
"sarahb","SITE-WIFI-LYO"
"sarahb","SOC-DOC"
"sarahb","SOC-INTRA"
"sarahb","SOC-MSG"
"sarahb","SOC-VPN"
"sarahc","ACHAT-DEM"
"sarahc","ACHAT-VALID"
"sarahc","ERP-LEC"
"sarahc","FCT-CONGES"
"sarahc","FCT-ENTRETIEN"
"sarahc","FCT-FORM"
"sarahc","FCT-NDF"
"sarahc","FCT-NDF-VALID"
"sarahc","FCT-ORG"
"sarahc","FOURN-PORTAIL"
"sarahc","SITE-BADGE-LYO"
"sarahc","SITE-IMP-LYO"
"sarahc","SITE-WIFI-LYO"
"sarahc","SOC-DOC"
"sarahc","SOC-INTRA"
"sarahc","SOC-MSG"
"sarahc","STOCK"
"sarahd","CMS-PUBLI"
"sarahd","CMS-REDAC"
"sarahd","DOC-PROJET"
"sarahd","FCT-CONGES"
"sarahd","FCT-FORM"
"sarahd","FCT-NDF"
"sarahd","FCT-ORG"
"sarahd","FCT-TEMPS"
"sarahd","MEDIATHEQUE"
"sarahd","SITE-BADGE-LYO"
"sarahd","SITE-IMP-LYO"
"sarahd","SITE-WIFI-LYO"
"sarahd","SOC-DOC"
"sarahd","SOC-INTRA"
"sarahd","SOC-MSG"
"sarahd","SOC-VPN"
"sarahk","DOC-PROJET"
"sarahk","FCT-NDF"
"sarahk","FCT-TEMPS"
"sarahk","PM-OUTIL"
"sarahk","SITE-BADGE-PAR"
"sarahk","SITE-IMP-PAR"
"sarahk","SITE-WIFI-PAR"
"sarahk","SOC-DOC"
"sarahk","SOC-INTRA"
"sarahk","SOC-MSG"
"sarahk","SOC-VPN"
"sarahw","DOC-METHODO"
"sarahw","DOC-PROJET"
"sarahw","FCT-NDF"
"sarahw","FCT-TEMPS"
"sarahw","LIVRABLE-CLI"
"sarahw","MISSION-PORT"
"sarahw","SITE-BADGE-LYO"
"sarahw","SITE-IMP-LYO"
"sarahw","SITE-WIFI-LYO"
"sarahw","SOC-DOC"
"sarahw","SOC-INTRA"
"sarahw","SOC-MSG"
"sarahw","SOC-VPN"
"sebastienb","DOC-METHODO"
"sebastienb","DOC-PROJET"
"sebastienb","FCT-NDF"
"sebastienb","FCT-TEMPS"
"sebastienb","LIVRABLE-CLI"
"sebastienb","MISSION-PORT"
"sebastienb","SITE-BADGE-LYO"
"sebastienb","SITE-IMP-LYO"
"sebastienb","SITE-WIFI-LYO"
"sebastienb","SOC-DOC"
"sebastienb","SOC-INTRA"
"sebastienb","SOC-MSG"
"sebastienb","SOC-VPN"
"sebastiend","DOC-METHODO"
"sebastiend","FCT-CONGES"
"sebastiend","FCT-FORM"
"sebastiend","FCT-NDF"
"sebastiend","FCT-ORG"
"sebastiend","FCT-TEMPS"
"sebastiend","LIVRABLE-CLI"
"sebastiend","MISSION-PORT"
"sebastiend","SITE-BADGE-LYO"
"sebastiend","SITE-IMP-LYO"
"sebastiend","SITE-WIFI-LYO"
"sebastiend","SOC-DOC"
"sebastiend","SOC-INTRA"
"sebastiend","SOC-MSG"
"sebastiend","SOC-VPN"
"sebastienf","CRM-LEC"
"sebastienf","CRM-PILOT"
"sebastienf","FCT-CONGES"
"sebastienf","FCT-FORM"
"sebastienf","FCT-NDF"
"sebastienf","FCT-ORG"
"sebastienf","MARGE-CONSULT"
"sebastienf","SITE-BADGE-PAR"
"sebastienf","SITE-IMP-PAR"
"sebastienf","SITE-WIFI-PAR"
"sebastienf","SOC-DOC"
"sebastienf","SOC-INTRA"
"sebastienf","SOC-MSG"
"sebastienf","SOC-VPN"
"sebastienh","DOC-METHODO"
"sebastienh","FCT-CONGES"
"sebastienh","FCT-FORM"
"sebastienh","FCT-NDF"
"sebastienh","FCT-ORG"
"sebastienh","FCT-TEMPS"
"sebastienh","MISSION-PORT"
"sebastienh","SITE-BADGE-LYO"
"sebastienh","SITE-IMP-LYO"
"sebastienh","SITE-WIFI-LYO"
"sebastienh","SOC-DOC"
"sebastienh","SOC-INTRA"
"sebastienh","SOC-MSG"
"sebastienh","SOC-VPN"
"sebastienm","CONTRAT-MOD"
"sebastienm","FCT-CONGES"
"sebastienm","FCT-FORM"
"sebastienm","FCT-NDF"
"sebastienm","FCT-ORG"
"sebastienm","PAIE"
"sebastienm","RECRUTEMENT"
"sebastienm","SIRH-DOSSIER"
"sebastienm","SITE-BADGE-PAR"
"sebastienm","SITE-WIFI-PAR"
"sebastienm","SOC-DOC"
"sebastienm","SOC-INTRA"
"sebastienm","SOC-MSG"
"sebastienm","SOC-VPN"
"sebastienn","CONTRAT-MOD"
"sebastienn","FCT-CONGES"
"sebastienn","FCT-ENTRETIEN"
"sebastienn","FCT-FORM"
"sebastienn","FCT-NDF"
"sebastienn","FCT-NDF-VALID"
"sebastienn","FCT-ORG"
"sebastienn","RECRUTEMENT"
"sebastienn","SIRH-DOSSIER"
"sebastienn","SITE-BADGE-PAR"
"sebastienn","SITE-IMP-PAR"
"sebastienn","SITE-WIFI-PAR"
"sebastienn","SOC-DOC"
"sebastienn","SOC-INTRA"
"sebastienn","SOC-MSG"
"sebastienn","SOC-VPN"
"sophieb","CMS-PUBLI"
"sophieb","CMS-REDAC"
"sophieb","DOC-PROJET"
"sophieb","FCT-CONGES"
"sophieb","FCT-FORM"
"sophieb","FCT-NDF"
"sophieb","FCT-ORG"
"sophieb","FCT-TEMPS"
"sophieb","MEDIATHEQUE"
"sophieb","SITE-BADGE-LYO"
"sophieb","SITE-IMP-LYO"
"sophieb","SITE-WIFI-LYO"
"sophieb","SOC-DOC"
"sophieb","SOC-INTRA"
"sophieb","SOC-MSG"
"sophieb","SOC-VPN"
"sophied","CRM-ADMIN"
"sophied","CRM-EXPORT"
"sophied","CRM-LEC"
"sophied","CRM-SEGMENT"
"sophied","FCT-CONGES"
"sophied","FCT-FORM"
"sophied","FCT-NDF"
"sophied","SITE-BADGE-PAR"
"sophied","SITE-IMP-PAR"
"sophied","SITE-WIFI-PAR"
"sophied","SOC-DOC"
"sophied","SOC-INTRA"
"sophied","SOC-MSG"
"sophied","SOC-VPN"
"sophief","DOC-METHODO"
"sophief","FCT-CONGES"
"sophief","FCT-NDF"
"sophief","FCT-ORG"
"sophief","FCT-TEMPS"
"sophief","LIVRABLE-CLI"
"sophief","MISSION-PORT"
"sophief","OBS-CRM1"
"sophief","SITE-BADGE-MTZ"
"sophief","SITE-IMP-MTZ"
"sophief","SITE-WIFI-MTZ"
"sophief","SOC-DOC"
"sophief","SOC-INTRA"
"sophief","SOC-MSG"
"sophief","SOC-VPN"
"sophiel","CMS-PUBLI"
"sophiel","CMS-REDAC"
"sophiel","DOC-PROJET"
"sophiel","FCT-CONGES"
"sophiel","FCT-FORM"
"sophiel","FCT-NDF"
"sophiel","FCT-TEMPS"
"sophiel","MEDIATHEQUE"
"sophiel","SITE-BADGE-LYO"
"sophiel","SITE-IMP-LYO"
"sophiel","SITE-WIFI-LYO"
"sophiel","SOC-DOC"
"sophiel","SOC-INTRA"
"sophiel","SOC-MSG"
"sophiel","SOC-VPN"
"sophiem","CRM-LEC"
"sophiem","CRM-SAISIE"
"sophiem","DEVIS-CREA"
"sophiem","FCT-CONGES"
"sophiem","FCT-FORM"
"sophiem","FCT-NDF"
"sophiem","FCT-ORG"
"sophiem","PROSPECT-BASE"
"sophiem","SITE-BADGE-LYO"
"sophiem","SITE-IMP-LYO"
"sophiem","SITE-WIFI-LYO"
"sophiem","SOC-DOC"
"sophiem","SOC-INTRA"
"sophiem","SOC-MSG"
"sophiem","SOC-VPN"
"sophiem","TARIF-CONSULT"
"sophiem","TARIF-REMISE"
"sophier","DOC-PROJET"
"sophier","FCT-CONGES"
"sophier","FCT-ENTRETIEN"
"sophier","FCT-FORM"
"sophier","FCT-NDF"
"sophier","FCT-NDF-VALID"
"sophier","FCT-TEMPS"
"sophier","PM-BUDGET"
"sophier","PM-OUTIL"
"sophier","RISQUE-REG"
"sophier","SITE-BADGE-PAR"
"sophier","SITE-IMP-PAR"
"sophier","SITE-WIFI-PAR"
"sophier","SOC-DOC"
"sophier","SOC-INTRA"
"sophier","SOC-MSG"
"sophier","SOC-VPN"
"thomasa","ACHAT-DEM"
"thomasa","ERP-LEC"
"thomasa","FCT-CONGES"
"thomasa","FCT-ENTRETIEN"
"thomasa","FCT-FORM"
"thomasa","FCT-NDF"
"thomasa","FCT-NDF-VALID"
"thomasa","FCT-ORG"
"thomasa","FOURN-PORTAIL"
"thomasa","LOGISTIQUE"
"thomasa","SITE-BADGE-PAR"
"thomasa","SITE-IMP-PAR"
"thomasa","SITE-WIFI-PAR"
"thomasa","SOC-DOC"
"thomasa","SOC-INTRA"
"thomasa","SOC-MSG"
"thomasa","SOC-VPN"
"thomasa","STOCK"
"thomasm","CRM-EXPORT"
"thomasm","CRM-LEC"
"thomasm","CRM-SEGMENT"
"thomasm","FCT-CONGES"
"thomasm","FCT-FORM"
"thomasm","FCT-NDF"
"thomasm","FCT-ORG"
"thomasm","SITE-BADGE-PAR"
"thomasm","SITE-IMP-PAR"
"thomasm","SITE-WIFI-PAR"
"thomasm","SOC-DOC"
"thomasm","SOC-INTRA"
"thomasm","SOC-MSG"
"thomasm","SOC-VPN"
"thomasz","DOC-PROJET"
"thomasz","FCT-TEMPS"
"thomasz","PM-OUTIL"
"thomasz","SITE-BADGE-PAR"
"thomasz","SITE-IMP-PAR"
"thomasz","SITE-WIFI-PAR"
"thomasz","SOC-DOC"
"thomasz","SOC-INTRA"
"thomasz","SOC-MSG"
"thomasz","SOC-VPN"
"vincentf","CRM-LEC"
"vincentf","CRM-SAISIE"
"vincentf","DEVIS-CREA"
"vincentf","FCT-CONGES"
"vincentf","FCT-FORM"
"vincentf","FCT-NDF"
"vincentf","PROSPECT-BASE"
"vincentf","SITE-BADGE-MTZ"
"vincentf","SITE-IMP-MTZ"
"vincentf","SITE-WIFI-MTZ"
"vincentf","SOC-DOC"
"vincentf","SOC-INTRA"
"vincentf","SOC-MSG"
"vincentf","SOC-VPN"
"vincentf","TARIF-CONSULT"
"vincentg","DOC-METHODO"
"vincentg","DOC-PROJET"
"vincentg","FCT-NDF"
"vincentg","FCT-TEMPS"
"vincentg","LIVRABLE-CLI"
"vincentg","MISSION-PORT"
"vincentg","SITE-BADGE-LYO"
"vincentg","SITE-IMP-LYO"
"vincentg","SITE-WIFI-LYO"
"vincentg","SOC-DOC"
"vincentg","SOC-INTRA"
"vincentg","SOC-MSG"
"vincentg","SOC-VPN"
"vincenth","DOC-METHODO"
"vincenth","FCT-CONGES"
"vincenth","FCT-FORM"
"vincenth","FCT-NDF"
"vincenth","FCT-ORG"
"vincenth","FCT-TEMPS"
"vincenth","LIVRABLE-CLI"
"vincenth","MISSION-PORT"
"vincenth","SITE-BADGE-LYO"
"vincenth","SITE-IMP-LYO"
"vincenth","SITE-WIFI-LYO"
"vincenth","SOC-DOC"
"vincenth","SOC-INTRA"
"vincenth","SOC-MSG"
"vincenth","SOC-VPN"
"vincentl","CRM-LEC"
"vincentl","CRM-SAISIE"
"vincentl","DEVIS-CREA"
"vincentl","FCT-CONGES"
"vincentl","FCT-ENTRETIEN"
"vincentl","FCT-FORM"
"vincentl","FCT-NDF"
"vincentl","FCT-NDF-VALID"
"vincentl","FCT-ORG"
"vincentl","PROSPECT-BASE"
"vincentl","SITE-BADGE-MTZ"
"vincentl","SITE-IMP-MTZ"
"vincentl","SITE-WIFI-MTZ"
"vincentl","SOC-DOC"
"vincentl","SOC-INTRA"
"vincentl","SOC-MSG"
"vincentl","SOC-VPN"
"vincentl","TARIF-CONSULT"
"vincentw","DOC-METHODO"
"vincentw","FCT-CONGES"
"vincentw","FCT-FORM"
"vincentw","FCT-NDF"
"vincentw","FCT-ORG"
"vincentw","FCT-TEMPS"
"vincentw","LIVRABLE-CLI"
"vincentw","MISSION-PORT"
"vincentw","OBS-GED2003"
"vincentw","SITE-BADGE-MTZ"
"vincentw","SITE-IMP-MTZ"
"vincentw","SITE-WIFI-MTZ"
"vincentw","SOC-DOC"
"vincentw","SOC-INTRA"
"vincentw","SOC-MSG"
"vincentw","SOC-VPN"
"virginiec","CMS-REDAC"
"virginiec","DOC-PROJET"
"virginiec","FCT-CONGES"
"virginiec","FCT-FORM"
"virginiec","FCT-NDF"
"virginiec","FCT-TEMPS"
"virginiec","MEDIATHEQUE"
"virginiec","SITE-BADGE-LYO"
"virginiec","SITE-WIFI-LYO"
"virginiec","SOC-DOC"
"virginiec","SOC-INTRA"
"virginiec","SOC-MSG"
"virginiec","SOC-VPN"
"virginiel","FCT-CONGES"
"virginiel","FCT-ENTRETIEN"
"virginiel","FCT-FORM"
"virginiel","FCT-NDF"
"virginiel","FCT-NDF-VALID"
"virginiel","FCT-ORG"
"virginiel","GMAO"
"virginiel","PLM-PLANS"
"virginiel","SITE-BADGE-MTZ"
"virginiel","SITE-IMP-MTZ"
"virginiel","SITE-WIFI-MTZ"
"virginiel","SOC-DOC"
"virginiel","SOC-INTRA"
"virginiel","SOC-MSG"
"virginiel","SOC-VPN"
"virginier","DOC-METHODO"
"virginier","FCT-CONGES"
"virginier","FCT-FORM"
"virginier","FCT-NDF"
"virginier","FCT-ORG"
"virginier","FCT-TEMPS"
"virginier","LIVRABLE-CLI"
"virginier","MISSION-PORT"
"virginier","SITE-BADGE-PAR"
"virginier","SITE-IMP-PAR"
"virginier","SITE-WIFI-PAR"
"virginier","SOC-DOC"
"virginier","SOC-INTRA"
"virginier","SOC-MSG"
"virginier","SOC-VPN"
"xavierc","CRM-LEC"
"xavierc","CRM-SAISIE"
"xavierc","CRM-SEGMENT"
"xavierc","DEVIS-CREA"
"xavierc","FCT-CONGES"
"xavierc","FCT-FORM"
"xavierc","FCT-NDF"
"xavierc","FCT-ORG"
"xavierc","PROSPECT-BASE"
"xavierc","SITE-BADGE-PAR"
"xavierc","SITE-IMP-PAR"
"xavierc","SITE-WIFI-PAR"
"xavierc","SOC-DOC"
"xavierc","SOC-INTRA"
"xavierc","SOC-MSG"
"xavierc","SOC-VPN"
"xavierc","TARIF-CONSULT"
"xaviere","DOC-PROJET"
"xaviere","FCT-CONGES"
"xaviere","FCT-ENTRETIEN"
"xaviere","FCT-FORM"
"xaviere","FCT-NDF"
"xaviere","FCT-NDF-VALID"
"xaviere","FCT-ORG"
"xaviere","FCT-TEMPS"
"xaviere","PM-BUDGET"
"xaviere","PM-OUTIL"
"xaviere","SITE-BADGE-LYO"
"xaviere","SITE-IMP-LYO"
"xaviere","SITE-WIFI-LYO"
"xaviere","SOC-DOC"
"xaviere","SOC-INTRA"
"xaviere","SOC-MSG"
"xaviere","SOC-VPN"
